StartDate,EndDate,Status,IPAddress,Progress,Duration (in seconds),Finished,RecordedDate,ResponseId,RecipientLastName,RecipientFirstName,RecipientEmail,ExternalReference,LocationLatitude,LocationLongitude,DistributionChannel,UserLanguage,Q56,Q59,Q58,QID1,Q31,Q35,Q34,Q32,Q36,Q37,Q38,Q39,Q40,Q41,Q42,Q43,Q44,Q45,Q46,Q47,Q48,Q49,Q50,Q51,Q52,Q53,Q8,Q9,Q65,Q78_7,Q67,Q67_6_TEXT,Q10,Q79_4,Q12,Q12_6_TEXT,Q28,Q77_7,Q30,Q30_6_TEXT,Q2,Q3,Q5,Q7,Q62,Q14,Q15,Q16,Q17,Q18,Q19,Q20,Q21,Q22
Start Date,End Date,Response Type,IP Address,Progress,Duration (in seconds),Finished,Recorded Date,Response ID,Recipient Last Name,Recipient First Name,Recipient Email,External Data Reference,Location Latitude,Location Longitude,Distribution Channel,User Language,"Estimado/-a participante, 

 

Gracias por considerar su participación en este estudio. Sus respuestas ayudarán a los investigadores de la London School of Economics (Escuela de Economía de Londres) y del Grantham Research Institute on Climate Change and the Environment (Instituto de Investigación Grantham sobre el Cambio Climático y el Medio Ambiente) a investigar la disposición a pagar por un seguro contra riesgos de catástrofe en Perú. Esta no es una encuesta de marketing o de ventas. Toda la información que proporcione es estrictamente anónima y se mantendrá estrictamente confidencial. Todas las respuestas se utilizarán únicamente con fines de investigación y sólo se publicarán potencialmente de forma anónima en publicaciones de investigación. Este estudio se ha sometido a la revisión ética de acuerdo con la Política y el Procedimiento de Ética de la Investigación de la LSE.

 

La encuesta debería durar menos de 15 minutos. Lo preferible es que las preguntas que aparecen a continuación sean contestadas por el cabeza de familia o la persona que mejor conoce el tema, siempre que sea posible. Si no es usted, no dude en pedirle al respectivo miembro del hogar que complete la encuesta. 

 

Consentimiento 

 

Usted decide si quiere participar o no. No está obligado/-a a participar si no lo desea. Puede retirarse del estudio en cualquier momento hasta el 20 de julio, sin tener que dar una razón. Si alguna de las preguntas del cuestionario le resulta incómoda, no tiene que responderla. Retirarse del estudio no tendrá ningún efecto sobre usted. Si se retira del estudio, no conservaremos la información que haya dado. 

 

Si tiene alguna pregunta sobre este estudio, póngase en contacto con la investigadora, Luisa Lutz, en l.lutz1@lse.ac.uk. Si tiene alguna duda o queja sobre la realización de esta investigación, puede ponerse en contacto en contacto con el Director de Gobernanza de la Investigación de la LSE a través de research.ethics@lse.ac.uk. 

Si está dispuesto a participar en este estudio, por favor, indíquelo a continuación.","Imagina que se le presenta una lotería, en la cual se lanza una moneda. Si sale cara usted se lleva la primera cantidad y si sale sello se lleva la segunda. Elige una de las loterías que aparecen a continuación.","Algunas personas buscan información incluso cuando puede ser desagradable. Otros evitan obtener información que sospechan que puede ser dolorosa, aunque pueda ser útil. ¿Cómo se describiría usted a sí mismo?","Por favor, especifique su departamento de residencia","Por favor, indique su provincia de residencia","Por favor, indique su provincia de residencia","Por favor, indique su provincia de residencia","Por favor, indique su distrito de residencia","Por favor, indique su distrito de residencia","Por favor, indique su distrito de residencia","Por favor, indique su distrito de residencia","Por favor, indique su distrito de residencia","Por favor, indique su distrito de residencia","Por favor, indique su distrito de residencia","Por favor, indique su distrito de residencia","Por favor, indique su distrito de residencia","Por favor, indique su distrito de residencia","Por favor, indique su distrito de residencia","Por favor, indique su distrito de residencia","Por favor, indique su distrito de residencia","Por favor, indique su distrito de residencia","Por favor, indique su distrito de residencia","Por favor, indique su distrito de residencia","Por favor, indique su distrito de residencia","Por favor, indique su distrito de residencia","Por favor, indique su distrito de residencia",¿Ha contratado usted o alguien de su hogar algún tipo de seguro de hogar?,"Si ha respondido negativamente a la pregunta anterior, especifique hasta dos motivos principales de por qué",¿Estaría usted generalmente dispuesto a contratar un seguro de hogar contra desastres?,"¿Cuál sería la cuota que estaría dispuesto a pagar si la suma asegurada fuera de 163.000 soles (50.000 dólares) por vivienda? A fin de orientarse, en la tabla siguiente se indican algunas posibles cuotas de seguro. En el control deslizante que aparece a continuación, puede indicar uno de estos valores o cualquier otro valor que esté dispuesto a pagar. 

 

 


	
		
			
			S/.0
			
			
			S/.13
			
			
			S/.35
			
		
		
			
			S/.1.5
			
			
			S/.15
			
			
			S/.40
			
		
		
			
			S/.3
			
			
			S/.16.5 
			
			
			S/.50 
			
		
		
			
			S/.5
			
			
			S/.18
			
			
			S/.65 
			
		
		
			
			S/.6
			
			
			S/.20
			
			
			S/.85 
			
		
		
			
			S/.8
			
			
			S/.23
			
			
			S/.100 
			
		
		
			
			S/.10
			
			
			S/.27
			
			
			Más de 	
S/.100 
			
		
		
			
			S/.11.5 
			
			
			S/.30  
			
			
			No sé - 7",Especifique hasta dos motivos principales por los que no contrataría un seguro de hogar - Selected Choice,Especifique hasta dos motivos principales por los que no contrataría un seguro de hogar - Otras razones - Texto,¿Estaría usted generalmente dispuesto a contratar un seguro de hogar contra desastres?,"¿Cuál sería la cuota que estaría dispuesto a pagar si la suma asegurada fuera de 163.000 soles (50.000 dólares) por vivienda? A fin de orientarse, en la tabla siguiente se indican algunas posibles cuotas de seguro. En el control deslizante que aparece a continuación, puede indicar uno de estos valores o cualquier otro valor que esté dispuesto a pagar.

 

 


	
		
			
			S/.0
			
			
			S/.13
			
			
			S/.35
			
		
		
			
			S/.1.5
			
			
			S/.15
			
			
			S/.40
			
		
		
			
			S/.3
			
			
			S/.16.5 
			
			
			S/.50 
			
		
		
			
			S/.5
			
			
			S/.18
			
			
			S/.65 
			
		
		
			
			S/.6
			
			
			S/.20
			
			
			S/.85 
			
		
		
			
			S/.8
			
			
			S/.23
			
			
			S/.100 
			
		
		
			
			S/.10
			
			
			S/.27
			
			
			Más de 	
S/.100 
			
		
		
			
			S/.11.5 
			
			
			S/.30  
			
			
			No sé - 4",Especifique hasta dos motivos principales por los que no contrataría un seguro de hogar contra desastres - Selected Choice,Especifique hasta dos motivos principales por los que no contrataría un seguro de hogar contra desastres - Otras razones - Texto,¿Estaría usted generalmente dispuesto a contratar un seguro de hogar contra desastres?,"¿Cuál sería la cuota que estaría dispuesto a pagar si la suma asegurada fuera de 163.000 soles (50.000 dólares) por vivienda? A fin de orientarse, en la tabla siguiente se indican algunas posibles cuotas de seguro. En el control deslizante que aparece a continuación, puede indicar uno de estos valores o cualquier otro valor que esté dispuesto a pagar.

 


	
		
			
			S/.0
			
			
			S/.13
			
			
			S/.35
			
		
		
			
			S/.1.5
			
			
			S/.15
			
			
			S/.40
			
		
		
			
			S/.3
			
			
			S/.16.5 
			
			
			S/.50 
			
		
		
			
			S/.5
			
			
			S/.18
			
			
			S/.65 
			
		
		
			
			S/.6
			
			
			S/.20
			
			
			S/.85 
			
		
		
			
			S/.8
			
			
			S/.23
			
			
			S/.100 
			
		
		
			
			S/.10
			
			
			S/.27
			
			
			Más de 	
S/.100 
			
		
		
			
			S/.11.5 
			
			
			S/.30  
			
			
			No sé - 7",Especifique hasta dos motivos principales por los que no contrataría un seguro de hogar contra desastres - Selected Choice,Especifique hasta dos motivos principales por los que no contrataría un seguro de hogar contra desastres - Otras razones - Texto,"Por favor, especifique hasta tres de las catástrofes naturales más frecuentes en su localidad","En los últimos 10 años, ¿cuántas veces ha sufrido un desastre natural?",¿En qué grado resultó dañada su casa durante el desastre más destructivo?,"¿Usted considera que la probabilidad de que ocurran desastres naturales aumentará, disminuirá o no no variará en el futuro?","Desde su conocimiento, ¿cree que el clima del mundo está cambiando?","Por favor, especifique su edad","Por favor, especifique su sexo","Por favor, especifique su máximo nivel de estudio finalizado",Especifique en qué sector económico está empleado,"Por favor, especifique el salario mensual de su hogar en soles (de todas las fuentes)",Especifique en que tipo de vivienda vive,Especifique el tamaño aproximado de su vivienda (en metros cuadrados),Especifique si alquila o es propietario de la casa o apartamento en el que reside,Especifique cuántas personas viven en su hogar
"{""ImportId"":""startDate"",""timeZone"":""America/Denver""}","{""ImportId"":""endDate"",""timeZone"":""America/Denver""}","{""ImportId"":""status""}","{""ImportId"":""ipAddress""}","{""ImportId"":""progress""}","{""ImportId"":""duration""}","{""ImportId"":""finished""}","{""ImportId"":""recordedDate"",""timeZone"":""America/Denver""}","{""ImportId"":""_recordId""}","{""ImportId"":""recipientLastName""}","{""ImportId"":""recipientFirstName""}","{""ImportId"":""recipientEmail""}","{""ImportId"":""externalDataReference""}","{""ImportId"":""locationLatitude""}","{""ImportId"":""locationLongitude""}","{""ImportId"":""distributionChannel""}","{""ImportId"":""userLanguage""}","{""ImportId"":""QID56""}","{""ImportId"":""QID59""}","{""ImportId"":""QID58""}","{""ImportId"":""QID1""}","{""ImportId"":""QID31""}","{""ImportId"":""QID35""}","{""ImportId"":""QID34""}","{""ImportId"":""QID32""}","{""ImportId"":""QID36""}","{""ImportId"":""QID37""}","{""ImportId"":""QID38""}","{""ImportId"":""QID39""}","{""ImportId"":""QID40""}","{""ImportId"":""QID41""}","{""ImportId"":""QID42""}","{""ImportId"":""QID43""}","{""ImportId"":""QID44""}","{""ImportId"":""QID45""}","{""ImportId"":""QID46""}","{""ImportId"":""QID47""}","{""ImportId"":""QID48""}","{""ImportId"":""QID49""}","{""ImportId"":""QID50""}","{""ImportId"":""QID51""}","{""ImportId"":""QID52""}","{""ImportId"":""QID53""}","{""ImportId"":""QID8""}","{""ImportId"":""QID9""}","{""ImportId"":""QID65""}","{""ImportId"":""QID78_7""}","{""ImportId"":""QID67""}","{""ImportId"":""QID67_6_TEXT""}","{""ImportId"":""QID10""}","{""ImportId"":""QID79_4""}","{""ImportId"":""QID12""}","{""ImportId"":""QID12_6_TEXT""}","{""ImportId"":""QID28""}","{""ImportId"":""QID77_7""}","{""ImportId"":""QID30""}","{""ImportId"":""QID30_6_TEXT""}","{""ImportId"":""QID2""}","{""ImportId"":""QID3""}","{""ImportId"":""QID5""}","{""ImportId"":""QID7""}","{""ImportId"":""QID62""}","{""ImportId"":""QID14""}","{""ImportId"":""QID15""}","{""ImportId"":""QID16""}","{""ImportId"":""QID17""}","{""ImportId"":""QID18""}","{""ImportId"":""QID19""}","{""ImportId"":""QID20""}","{""ImportId"":""QID21""}","{""ImportId"":""QID22""}"
2021-07-01 09:25:33,2021-07-01 09:31:30,0,190.113.215.182,100,356,1,2021-07-01 09:31:30,R_1ONdmGHPM70ByYu,,,,,-16.401397705078125,-71.5343017578125,anonymous,ES,1,2,2,26,1,,,,,,,,,,,,,,,,,,,,,,1,,1,20.1,,,,,,,,,,,"2,8,9",2,4,3,1,2,1,4,1,8,2,4,2,5
2021-07-01 09:23:32,2021-07-01 09:41:49,0,179.6.218.241,100,1097,1,2021-07-01 09:41:49,R_2SjkVgu6kG8Qb6J,,,,,-12.0464019775390625,-77.0428009033203125,anonymous,ES,1,1,2,28,,,1,,,,,,,,,,14,,,,,,,,,,1,,,,,,2,,1,,,,,,4,1,5,3,1,1,1,4,6,,2,7,2,6
2021-07-01 11:47:46,2021-07-01 11:56:18,0,190.235.81.172,100,511,1,2021-07-01 11:56:18,R_3NEU18Sp5ymgvR5,,,,,-16.401397705078125,-71.5343017578125,anonymous,ES,1,1,4,26,1,,,29,,,,,,,,,,,,,,,,,,,2,"1,3",,,,,,,,,1,10.1,,,"1,4,9",2,4,3,1,3,1,4,6,3,2,5,1,6
2021-07-01 12:56:51,2021-07-01 13:04:25,0,190.237.34.38,100,453,1,2021-07-01 13:04:26,R_SQ2Ort3D7gD0Sg9,,,,,-16.401397705078125,-71.5343017578125,anonymous,ES,1,2,4,26,1,,,3,,,,,,,,,,,,,,,,,,,1,,1,15.2,,,,,,,,,,,"1,4",1,5,3,1,3,2,5,1,7,2,6,2,4
2021-07-01 13:13:00,2021-07-01 13:17:23,0,179.7.225.87,100,263,1,2021-07-01 13:17:23,R_1M5pm6W5OLxln7x,,,,,-16.401397705078125,-71.5343017578125,anonymous,ES,1,1,3,26,1,,,12,,,,,,,,,,,,,,,,,,,2,6,,,,,2,,"4,6",,,,,,"1,4,7,9",2,5,3,1,1,2,4,7,8,1,4,2,4
2021-07-01 13:48:30,2021-07-01 13:58:48,0,190.232.27.64,100,617,1,2021-07-01 13:58:49,R_1r6bTsKv2UzYQvK,,,,,-16.401397705078125,-71.5343017578125,anonymous,ES,1,1,4,26,1,,,1,,,,,,,,,,,,,,,,,,,2,3,1,30.1,,,,,,,,,,,"2,4,8",1,5,3,1,3,1,5,,4,1,3,2,5
2021-07-01 14:21:59,2021-07-01 14:25:30,0,179.7.225.203,100,211,1,2021-07-01 14:25:31,R_3EhzhcPcdADmm8x,,,,,-16.401397705078125,-71.5343017578125,anonymous,ES,1,1,3,26,1,,,12,,,,,,,,,,,,,,,,,,,2,2,,,,,,,,,1,50,,,"2,8,10",2,5,3,1,2,2,4,1,5,2,6,1,6
2021-07-01 15:34:55,2021-07-01 15:40:15,0,200.121.141.182,100,319,1,2021-07-01 15:40:15,R_1rpHA0uyNxjRDOS,,,,,-16.401397705078125,-71.5343017578125,anonymous,ES,1,1,2,26,1,,,2,,,,,,,,,,,,,,,,,,,2,2,,,,,1,35.2,,,,,,,"4,5,7",3,4,3,1,4,2,3,6,7,2,4,2,4
2021-07-01 15:43:45,2021-07-01 15:50:07,0,200.121.141.182,100,381,1,2021-07-01 15:50:09,R_r0dSs8PUjNNOGI1,,,,,-16.401397705078125,-71.5343017578125,anonymous,ES,1,2,3,26,1,,,2,,,,,,,,,,,,,,,,,,,2,1,,,,,,,,,1,30,,,"4,7,8",3,4,3,1,4,1,3,6,7,2,3,2,4
2021-07-01 17:00:47,2021-07-01 17:12:48,0,200.121.141.145,100,720,1,2021-07-01 17:12:49,R_1lc0qIfz7sSZexM,,,,,-16.401397705078125,-71.5343017578125,anonymous,ES,1,1,3,26,1,,,2,,,,,,,,,,,,,,,,,,,2,1,1,100,,,,,,,,,,,"4,7,8",1,5,4,1,3,1,5,1,4,2,5,2,7
2021-07-01 18:19:20,2021-07-01 18:25:01,0,181.66.102.82,100,340,1,2021-07-01 18:25:02,R_2axiMk3L75n2AWz,,,,,-12.0464019775390625,-77.0428009033203125,anonymous,ES,1,1,3,28,,,1,,,,,,,,,,21,,,,,,,,,,2,2,,,,,2,,"1,2",,,,,,"4,5,8",2,5,2,1,3,2,5,1,8,2,2,1,4
2021-07-02 09:40:39,2021-07-02 09:48:20,0,190.234.105.169,100,460,1,2021-07-02 09:48:20,R_XtCVOc9OnFNspy1,,,,,-12.0464019775390625,-77.0428009033203125,anonymous,ES,1,7,4,28,,,1,,,,,,,,,,1,,,,,,,,,,2,6,,,,,,,,,2,,6,Soy inquilino,8,1,5,2,1,3,1,5,7,1,2,6,1,1
2021-07-02 10:42:17,2021-07-02 11:14:02,0,179.7.226.169,100,1905,1,2021-07-02 11:14:04,R_2cjVM7NgAELwwWG,,,,,-16.401397705078125,-71.5343017578125,anonymous,ES,1,2,3,26,1,,,12,,,,,,,,,,,,,,,,,,,2,6,2,,"4,6",,,,,,,,,,"1,4,7",1,5,4,1,5,2,5,,5,2,5,2,3
2021-07-02 13:34:45,2021-07-02 13:40:56,0,181.64.241.141,100,370,1,2021-07-02 13:40:58,R_3qmTB4MhrXNJcv9,,,,,-16.401397705078125,-71.5343017578125,anonymous,ES,1,2,3,26,1,,,1,,,,,,,,,,,,,,,,,,,2,"2,3",,,,,2,,"2,4",,,,,,"1,2,4",1,5,2,1,4,1,5,1,6,2,6,2,4
2021-07-02 08:44:50,2021-07-02 14:26:27,0,201.240.180.75,100,20496,1,2021-07-02 14:26:27,R_2tssutkphwVIOji,,,,,-16.401397705078125,-71.5343017578125,anonymous,ES,1,1,3,26,1,,,4,,,,,,,,,,,,,,,,,,,1,,,,,,,,,,1,65.1,,,"1,4,8",1,3,2,1,4,1,5,1,8,2,3,2,4
2021-07-02 14:17:53,2021-07-02 14:29:50,0,201.240.131.44,100,716,1,2021-07-02 14:29:51,R_27vg25XefcZXlzZ,,,,,-16.401397705078125,-71.5343017578125,anonymous,ES,1,1,3,26,1,,,28,,,,,,,,,,,,,,,,,,,2,"1,3",2,,"3,4",,,,,,,,,,"1,4",1,5,3,1,3,1,4,1,3,2,2,2,4
2021-07-02 19:29:20,2021-07-02 19:34:40,0,200.48.32.162,100,320,1,2021-07-02 19:34:40,R_6WqIMllHIasHSsF,,,,,-12.0464019775390625,-77.0428009033203125,anonymous,ES,1,2,4,28,,,1,,,,,,,,,,22,,,,,,,,,,2,1,,,,,,,,,1,10.3,,,"4,8,9",1,5,3,1,3,2,5,6,11,1,5,2,4
2021-07-02 23:05:40,2021-07-02 23:11:21,0,181.64.255.193,100,341,1,2021-07-02 23:11:22,R_3GrpMFNiEl465mO,,,,,-12.0464019775390625,-77.0428009033203125,anonymous,ES,1,8,3,28,,,1,,,,,,,,,,40,,,,,,,,,,2,6,2,,6,No considero que la probabilidad de riesgo justifique el pago de un seguro.,,,,,,,,,"3,4,8",1,5,3,1,3,1,5,2,11,1,6,2,1
2021-07-03 09:53:54,2021-07-03 09:57:31,0,161.132.234.8,100,216,1,2021-07-03 09:57:32,R_QhIZ8Ft9Tofq785,,,,,-12.0464019775390625,-77.0428009033203125,anonymous,ES,1,7,2,28,,,1,,,,,,,,,,40,,,,,,,,,,2,1,,,,,1,14.9,,,,,,,4,1,5,3,1,1,1,3,7,8,2,5,2,4
2021-07-03 20:24:12,2021-07-03 20:38:27,0,200.121.141.172,100,854,1,2021-07-03 20:38:28,R_3CVDyKZLPILSPhM,,,,,-16.401397705078125,-71.5343017578125,anonymous,ES,1,1,,26,1,,,10,,,,,,,,,,,,,,,,,,,2,2,,,,,,,,,1,30,,,"1,4,7",1,5,3,1,4,1,6,1,5,2,4,2,3
2021-07-04 08:41:12,2021-07-04 08:46:11,0,179.7.225.239,100,299,1,2021-07-04 08:46:13,R_1C0UGBZyWUTo0G0,,,,,-16.401397705078125,-71.5343017578125,anonymous,ES,1,1,2,26,1,,,1,,,,,,,,,,,,,,,,,,,2,"1,2",,,,,2,,"2,6",Probabilidades de ocurrencia,,,,,"1,2,4",1,5,4,1,4,1,6,1,10,1,4,1,5
2021-07-04 18:41:19,2021-07-04 18:45:25,0,190.42.225.246,100,245,1,2021-07-04 18:45:26,R_3MbepbgAc9QzgNd,,,,,-13.520599365234375,-71.97589874267578125,anonymous,ES,1,2,4,26,1,,,17,,,,,,,,,,,,,,,,,,,2,2,2,,"2,4",,,,,,,,,,4,1,5,3,1,2,2,4,2,5,2,3,2,3
2021-07-05 09:35:50,2021-07-05 09:52:33,0,190.232.5.190,100,1003,1,2021-07-05 09:52:33,R_2q1TQAObO4Ad6vf,,,,,-12.0464019775390625,-77.0428009033203125,anonymous,ES,1,1,4,28,,,1,,,,,,,,,,22,,,,,,,,,,1,,,,,,1,105,,,,,,,"2,4,8",4,5,3,1,3,1,5,4,11,1,5,2,2
2021-07-05 10:18:09,2021-07-05 10:23:31,0,190.238.103.210,100,322,1,2021-07-05 10:23:32,R_2X6QGUOOmH1MZnu,,,,,-12.0464019775390625,-77.0428009033203125,anonymous,ES,1,8,4,28,,,1,,,,,,,,,,20,,,,,,,,,,2,"2,4",1,50,,,,,,,,,,,"4,5,6",2,4,3,1,3,1,5,1,11,1,4,1,2
2021-07-05 10:25:23,2021-07-05 10:34:13,0,179.6.165.149,100,529,1,2021-07-05 10:34:14,R_1q322hhPViltNDt,,,,,-12.0464019775390625,-77.0428009033203125,anonymous,ES,1,1,1,26,1,,,2,,,,,,,,,,,,,,,,,,,2,1,,,,,,,,,1,2.9,,,"2,4,7",1,3,4,1,3,2,4,1,4,2,5,1,7
2021-07-05 10:51:20,2021-07-05 10:57:18,0,132.157.130.142,100,357,1,2021-07-05 10:57:18,R_3DdoILApZri0kGT,,,,,-12.0438995361328125,-77.02809906005859375,anonymous,ES,1,6,3,28,,,1,,,,,,,,,,37,,,,,,,,,,2,"1,2",,,,,1,100.5,,,,,,,"4,8",2,4,3,1,2,1,4,2,7,2,3,2,5
2021-07-05 11:10:02,2021-07-05 11:18:47,0,190.113.215.158,100,525,1,2021-07-05 11:18:48,R_1rpEKiWPPy0I8AT,,,,,-16.401397705078125,-71.5343017578125,anonymous,ES,1,1,3,26,1,,,1,,,,,,,,,,,,,,,,,,,1,,1,100.1,,,,,,,,,,,"4,7,8",2,4,2,1,2,2,4,4,9,1,4,2,3
2021-07-05 11:33:18,2021-07-05 11:40:24,0,200.121.220.242,100,425,1,2021-07-05 11:40:24,R_R8JSAeeXcfYFl05,,,,,-15.8323974609375,-70.03389739990234375,anonymous,ES,1,3,4,26,1,,,4,,,,,,,,,,,,,,,,,,,2,"1,3",,,,,,,,,1,30,,,"1,4,5",1,5,3,1,1,1,4,1,6,2,4,2,2
2021-07-05 11:40:55,2021-07-05 11:45:27,0,181.64.241.215,100,272,1,2021-07-05 11:45:28,R_1eLTV30ZLxYivCy,,,,,-16.401397705078125,-71.5343017578125,anonymous,ES,1,5,4,26,1,,,9,,,,,,,,,,,,,,,,,,,1,,2,,"2,3,4",,,,,,,,,,"1,4",3,4,3,1,3,1,4,1,6,2,5,2,7
2021-07-05 11:46:50,2021-07-05 11:52:17,0,132.157.66.225,100,326,1,2021-07-05 11:52:17,R_D7fKkElC5CybGHn,,,,,-12.0438995361328125,-77.02809906005859375,anonymous,ES,1,1,4,28,,,1,,,,,,,,,,1,,,,,,,,,,2,"2,6",,,,,1,15.2,,,,,,,"1,2,8",1,4,4,1,,2,4,4,8,1,4,2,2
2021-07-05 11:45:53,2021-07-05 11:52:34,0,170.239.101.153,100,400,1,2021-07-05 11:52:35,R_2bN0ZKS1O0dc5Ef,,,,,-12.0464019775390625,-77.0428009033203125,anonymous,ES,1,3,3,28,,,1,,,,,,,,,,36,,,,,,,,,,1,,,,,,,,,,1,14.9,,,"4,6,8",1,5,3,1,3,1,5,3,10,2,5,2,1
2021-07-05 11:45:31,2021-07-05 12:02:49,0,190.239.90.153,100,1037,1,2021-07-05 12:02:50,R_3hgYQHWQWR1nHic,,,,,-16.401397705078125,-71.5343017578125,anonymous,ES,1,5,3,26,1,,,26,,,,,,,,,,,,,,,,,,,2,"2,3",1,75,,,,,,,,,,,"1,4,8",2,3,3,1,4,1,5,1,5,1,4,2,3
2021-07-05 12:36:52,2021-07-05 12:46:15,0,179.6.79.86,100,562,1,2021-07-05 12:46:17,R_2y3B5fQQuThyyWM,,,,,-12.0464019775390625,-77.0428009033203125,anonymous,ES,1,5,4,28,,,1,,,,,,,,,,10,,,,,,,,,,2,1,,,,,,,,,1,99.8,,,4,3,5,3,1,3,1,5,5,8,2,7,1,4
2021-07-05 13:35:25,2021-07-05 13:40:18,0,179.6.138.222,100,292,1,2021-07-05 13:40:19,R_3JyOqcq1iWbjb6C,,,,,-12.0464019775390625,-77.0428009033203125,anonymous,ES,1,8,4,28,,,1,,,,,,,,,,8,,,,,,,,,,1,,,,,,2,,"2,6","Bajas probabilidades por el costo ",,,,,,1,5,2,1,,1,5,3,11,2,6,2,3
2021-07-05 15:52:32,2021-07-05 16:03:29,0,191.97.52.170,100,656,1,2021-07-05 16:03:29,R_1PTBRt92Z9botmW,,,,,-16.401397705078125,-71.5343017578125,anonymous,ES,1,2,4,26,1,,,1,,,,,,,,,,,,,,,,,,,2,6,,,,,,,,,2,,6,,"4,8",1,5,3,1,3,1,7,3,2,2,3,1,2
2021-07-05 22:26:57,2021-07-05 22:29:15,0,209.45.91.6,100,137,1,2021-07-05 22:29:16,R_Y3vp8TN6XNegNnr,,,,,-12.0464019775390625,-77.0428009033203125,anonymous,ES,1,3,2,28,,,1,,,,,,,,,,1,,,,,,,,,,2,1,,,,,2,,2,,,,,,7,1,2,2,2,1,2,4,2,1,2,1,1,6
2021-07-06 09:18:54,2021-07-06 09:31:07,0,179.6.152.7,100,733,1,2021-07-06 09:31:08,R_2t37HnKBTl45Qid,,,,,-12.0464019775390625,-77.0428009033203125,anonymous,ES,1,5,3,28,,,1,,,,,,,,,,18,,,,,,,,,,2,"1,6",1,50.7,,,,,,,,,,,1,1,4,3,1,2,1,4,4,9,2,5,2,5
2021-07-06 10:49:33,2021-07-06 10:54:52,0,190.113.214.146,100,319,1,2021-07-06 10:54:53,R_3HuXHR5ksKV9Pds,,,,,-16.401397705078125,-71.5343017578125,anonymous,ES,1,1,3,26,1,,,12,,,,,,,,,,,,,,,,,,,2,"2,3",,,,,2,,"2,4",,,,,,"1,4,8",2,5,3,1,3,2,4,6,4,1,4,2,4
2021-07-07 04:57:02,2021-07-07 05:03:38,0,93.194.194.158,100,396,1,2021-07-07 05:03:38,R_tWEd1fdA4VQIgTv,,,,,49.3759002685546875,8.694305419921875,anonymous,ES,1,1,2,28,,,1,,,,,,,,,,14,,,,,,,,,,1,,,,,,,,,,1,30,,,"4,5,8",3,4,3,1,1,1,4,7,11,2,4,2,4
2021-07-07 11:07:16,2021-07-07 11:33:02,0,151.35.222.71,100,1545,1,2021-07-07 11:33:02,R_pix9VyunTp9ReBX,,,,,43.1479034423828125,12.1096954345703125,anonymous,ES,1,4,3,26,1,,,1,,,,,,,,,,,,,,,,,,,2,6,1,10.9,,,,,,,,,,,"4,7,8",4,2,4,1,4,1,4,6,2,2,4,2,3
2021-07-07 12:39:28,2021-07-07 12:43:55,0,132.191.3.16,100,267,1,2021-07-07 12:43:55,R_2pJqcCyWoWTpxgB,,,,,-12.0464019775390625,-77.0428009033203125,anonymous,ES,1,1,3,28,,,1,,,,,,,,,,1,,,,,,,,,,2,6,1,150,,,,,,,,,,,4,1,5,2,1,,2,3,7,1,2,7,2,3
2021-07-07 13:13:06,2021-07-07 13:17:58,0,179.6.210.48,100,292,1,2021-07-07 13:17:59,R_27fCRIFJrQDeOst,,,,,-12.0464019775390625,-77.0428009033203125,anonymous,ES,1,7,4,28,,,1,,,,,,,,,,3,,,,,,,,,,2,2,,,,,,,,,2,,2,,4,4,5,4,1,,2,4,3,4,2,3,2,2
2021-07-07 14:06:47,2021-07-07 14:11:04,0,201.240.146.168,100,256,1,2021-07-07 14:11:05,R_sBtBauD8QCYq8FP,,,,,-12.0464019775390625,-77.0428009033203125,anonymous,ES,1,1,3,28,,,1,,,,,,,,,,30,,,,,,,,,,1,,,,,,1,147.9,,,,,,,"1,4,8",3,3,2,1,2,2,7,7,1,1,4,2,3
2021-07-07 14:07:42,2021-07-07 14:11:19,0,176.184.205.69,100,217,1,2021-07-07 14:11:20,R_2YPy5TnpQ4dWpVO,,,,,46.58740234375,0.3332061767578125,anonymous,ES,1,6,2,28,,,1,,,,,,,,,,35,,,,,,,,,,2,3,,,,,,,,,1,80.1,,,"2,4",2,4,3,1,1,2,3,7,2,2,4,2,4
2021-07-07 14:08:02,2021-07-07 14:13:01,0,190.238.211.1,100,299,1,2021-07-07 14:13:02,R_2zUWVOwugK7irtB,,,,,-12.0464019775390625,-77.0428009033203125,anonymous,ES,1,1,3,28,,,1,,,,,,,,,,28,,,,,,,,,,1,,,,,,1,13.4,,,,,,,"3,4",1,5,3,1,1,1,4,7,2,1,3,2,3
2021-07-07 14:26:28,2021-07-07 14:34:16,0,179.6.220.61,100,468,1,2021-07-07 14:34:17,R_1nNlI9YIzXTa2RU,,,,,-12.0464019775390625,-77.0428009033203125,anonymous,ES,1,2,3,27,,1,,,,,,,,,,1,,,,,,,,,,,2,3,2,,4,,,,,,,,,,9,1,5,3,1,3,2,4,1,1,2,4,2,3
2021-07-07 14:50:25,2021-07-07 14:57:26,0,132.191.0.158,100,421,1,2021-07-07 14:57:27,R_22KA6Mb6kqW15lJ,,,,,-12.0464019775390625,-77.0428009033203125,anonymous,ES,1,5,3,28,,,1,,,,,,,,,,1,,,,,,,,,,1,,2,,"4,5,6",,,,,,,,,,"4,6",1,5,3,1,4,2,4,1,5,,,,
2021-07-07 15:09:32,2021-07-07 15:14:18,0,37.173.245.200,100,285,1,2021-07-07 15:14:18,R_AnFYOpTUj5rbLlD,,,,,48.8582000732421875,2.3386993408203125,anonymous,ES,1,8,2,28,,,1,,,,,,,,,,30,,,,,,,,,,2,1,,,,,1,30.6,,,,,,,4,1,5,2,1,3,2,4,2,6,1,4,1,4
2021-07-07 15:05:21,2021-07-07 15:20:00,0,159.250.109.245,100,879,1,2021-07-07 15:20:00,R_1FeKJvySCjrivvL,,,,,25.78729248046875,-80.156402587890625,anonymous,ES,1,1,4,28,,,1,,,,,,,,,,21,,,,,,,,,,2,6,,,,,1,20.3,,,,,,,"1,4,8",1,5,3,1,3,1,4,1,9,1,4,2,3
2021-07-07 16:03:32,2021-07-07 16:28:03,0,132.191.1.91,100,1471,1,2021-07-07 16:28:05,R_1OUjvgPM10p3Hns,,,,,-12.0464019775390625,-77.0428009033203125,anonymous,ES,1,1,4,28,,,1,,,,,,,,,,,,,,,,,,,,2,6,2,,"4,5",,,,,,,,,,4,5,5,2,3,5,2,4,6,1,1,3,2,1
2021-07-07 17:12:55,2021-07-07 17:18:19,0,181.66.169.139,100,324,1,2021-07-07 17:18:19,R_1qUN1nRy24iLK5F,,,,,-12.0464019775390625,-77.0428009033203125,anonymous,ES,1,3,4,28,,,1,,,,,,,,,,19,,,,,,,,,,2,3,,,,,,,,,1,30,,,4,2,5,3,1,3,1,4,2,9,2,5,1,7
2021-07-07 15:19:45,2021-07-07 18:06:27,0,45.5.68.61,100,10002,1,2021-07-07 18:06:29,R_8k1imadSItZo4F3,,,,,-12.0464019775390625,-77.0428009033203125,anonymous,ES,1,1,3,28,,,1,,,,,,,,,,1,,,,,,,,,,2,"1,2",2,,"1,3",,,,,,,,,,"2,4,8",1,3,3,1,1,1,3,7,10,2,5,2,4
2021-07-08 07:19:18,2021-07-08 07:24:14,0,190.239.91.138,100,295,1,2021-07-08 07:24:14,R_32WmEsqzoAxjKDd,,,,,-16.401397705078125,-71.5343017578125,anonymous,ES,1,1,4,26,1,,,22,,,,,,,,,,,,,,,,,,,2,6,,,,,,,,,1,51.1,,,"4,7,9",1,5,3,1,2,1,4,1,5,2,4,2,4
2021-07-08 07:20:33,2021-07-08 07:24:17,0,181.64.241.208,100,223,1,2021-07-08 07:24:18,R_3gUi1OiChOzUcxp,,,,,-16.401397705078125,-71.5343017578125,anonymous,ES,1,1,3,26,1,,,3,,,,,,,,,,,,,,,,,,,1,,1,0,,,,,,,,,,,,1,4,4,1,1,2,7,7,,2,5,2,2
2021-07-08 07:21:14,2021-07-08 07:27:31,0,179.7.224.213,100,376,1,2021-07-08 07:27:31,R_2YMvWH6QNCtp0eC,,,,,-16.401397705078125,-71.5343017578125,anonymous,ES,1,1,3,26,1,,,9,,,,,,,,,,,,,,,,,,,2,,,,,,1,108.6,,,,,,,"4,5,7",2,4,3,1,1,1,3,7,7,2,3,2,5
2021-07-08 07:20:07,2021-07-08 07:33:24,0,190.43.174.69,100,796,1,2021-07-08 07:33:24,R_2V9JOKDHwAUbMqo,,,,,-12.0464019775390625,-77.0428009033203125,anonymous,ES,1,3,2,28,,,1,,,,,,,,,,8,,,,,,,,,,2,1,,,,,,,,,2,,6,La construcción de mi vivienda fue planeada considerando los riesgos con mayor probabilidad en mi zona,"4,8,9",1,5,2,1,4,2,6,1,10,2,7,2,3
2021-07-08 08:29:27,2021-07-08 08:39:00,0,179.6.73.209,100,573,1,2021-07-08 08:39:01,R_2VBJ4761CzA85wy,,,,,-12.0464019775390625,-77.0428009033203125,anonymous,ES,1,1,3,28,,,1,,,,,,,,,,20,,,,,,,,,,1,,,,,,1,34.9,,,,,,,4,1,4,3,1,3,1,4,3,7,1,2,2,3
2021-07-01 09:15:25,2021-07-01 09:19:07,0,158.143.119.48,93,221,0,2021-07-08 09:19:07,R_1isUdCQNsvHnCtd,,,,,,,anonymous,ES,1,1,1,26,1,,,1,,,,,,,,,,,,,,,,,,,1,,,,,,,,,,1,43.2,,,,,,,,,,,,,,,,
2021-07-01 10:36:56,2021-07-01 10:37:29,0,201.230.200.205,1,33,0,2021-07-08 10:37:31,R_2s1LfWDuGKo1cwI,,,,,,,anonymous,ES,1,,,,,,,,,,,,,,,,,,,,,,,,,,,,,,,,,,,,,,,,,,,,,,,,,,,,,
2021-07-08 12:25:56,2021-07-08 12:34:14,0,190.237.22.75,100,498,1,2021-07-08 12:34:15,R_3L6BUSuw9QuChhU,,,,,-12.0464019775390625,-77.0428009033203125,anonymous,ES,1,1,4,28,,,1,,,,,,,,,,17,,,,,,,,,,2,"1,4",,,,,1,121.8,,,,,,,4,1,5,3,1,3,2,4,6,9,1,4,2,3
2021-07-01 13:23:15,2021-07-01 13:24:34,0,176.199.210.214,6,79,0,2021-07-08 13:24:38,R_saRoq9W4EEXD6Vj,,,,,,,anonymous,ES,1,5,3,,,,,,,,,,,,,,,,,,,,,,,,,,,,,,,,,,,,,,,,,,,,,,,,,,,
2021-07-08 16:45:57,2021-07-08 16:56:51,0,181.64.162.194,100,653,1,2021-07-08 16:56:51,R_3CT1a2Gd8A7e9LN,,,,,-12.0464019775390625,-77.0428009033203125,anonymous,ES,1,1,1,28,,,1,,,,,,,,,,8,,,,,,,,,,1,,,,,,,,,,1,40.7,,,2,1,5,3,1,3,1,5,1,9,2,4,2,5
2021-07-01 19:52:32,2021-07-01 19:53:01,0,189.203.45.169,1,28,0,2021-07-08 19:53:04,R_OPPo7UPnv0qRuUN,,,,,,,anonymous,ES,1,,,,,,,,,,,,,,,,,,,,,,,,,,,,,,,,,,,,,,,,,,,,,,,,,,,,,
2021-07-09 00:06:50,2021-07-09 00:12:03,0,79.66.223.20,100,312,1,2021-07-09 00:12:03,R_27TIsBYg6h1XxWj,,,,,51.4889984130859375,-0.214996337890625,anonymous,ES,1,7,4,28,,,1,,,,,,,,,,32,,,,,,,,,,2,"2,3,5",2,,"2,3,4",,,,,,,,,,4,1,5,3,1,3,2,5,1,4,2,4,2,2
2021-07-02 14:07:08,2021-07-02 14:09:16,0,92.21.65.166,6,128,0,2021-07-09 14:09:17,R_4Hewhwecb2PKUud,,,,,,,anonymous,ES,1,,2,,,,,,,,,,,,,,,,,,,,,,,,,,,,,,,,,,,,,,,,,,,,,,,,,,,
2021-07-02 19:32:30,2021-07-02 19:33:16,0,201.235.0.79,6,45,0,2021-07-09 19:33:16,R_1N7VnDWZT6NX23I,,,,,,,anonymous,ES,1,,,,,,,,,,,,,,,,,,,,,,,,,,,,,,,,,,,,,,,,,,,,,,,,,,,,,
2021-07-02 20:52:37,2021-07-02 20:53:58,0,190.239.152.125,43,81,0,2021-07-09 20:54:02,R_242AXo7PGXYWZ0a,,,,,,,anonymous,ES,1,1,3,26,1,,,1,,,,,,,,,,,,,,,,,,,2,,,,,,,,,,,,,,,,,,,,,,,,,,,
2021-07-10 09:28:15,2021-07-10 09:40:06,0,179.6.199.63,100,711,1,2021-07-10 09:40:08,R_uq2beG6lvybuwlr,,,,,-12.0464019775390625,-77.0428009033203125,anonymous,ES,1,5,4,28,,,1,,,,,,,,,,12,,,,,,,,,,2,1,,,,,1,30,,,,,,,"2,5,8",2,5,3,1,3,1,4,5,7,1,4,2,3
2021-07-10 12:48:26,2021-07-10 13:42:31,0,190.239.79.113,100,3245,1,2021-07-10 13:42:33,R_1ZmkLJtFqd8nzjz,,,,,-12.0464019775390625,-77.0428009033203125,anonymous,ES,1,4,2,28,,,1,,,,,,,,,,43,,,,,,,,,,2,3,,,,,,,,,1,100,,,"2,4,9",2,4,4,1,2,1,4,5,5,2,3,2,5
2021-07-03 18:19:33,2021-07-03 18:19:40,0,91.41.24.77,1,7,0,2021-07-10 18:19:45,R_3QMei2BuVyRbWLX,,,,,,,anonymous,ES,1,,,,,,,,,,,,,,,,,,,,,,,,,,,,,,,,,,,,,,,,,,,,,,,,,,,,,
2021-07-11 11:45:25,2021-07-11 11:48:36,0,190.113.214.143,100,190,1,2021-07-11 11:48:37,R_PGJra1g7FFsobzH,,,,,-16.401397705078125,-71.5343017578125,anonymous,ES,1,1,3,26,1,,,4,,,,,,,,,,,,,,,,,,,2,"1,3",2,,"1,4",,,,,,,,,,"3,4,9",1,5,4,1,3,1,4,3,9,1,6,2,4
2021-07-12 09:31:28,2021-07-12 09:40:24,0,181.176.122.145,100,536,1,2021-07-12 09:40:25,R_VIsdMrhJVcaa3o5,,,,,-12.0464019775390625,-77.0428009033203125,anonymous,ES,1,1,3,26,1,,,1,,,,,,,,,,,,,,,,,,,2,6,,,,,,,,,1,32.7,,,"1,4,7",1,5,3,1,2,1,4,1,3,2,5,2,5
2021-07-12 10:23:21,2021-07-12 10:41:00,0,201.240.68.76,100,1058,1,2021-07-12 10:41:01,R_1OilNxi8oYHZrYR,,,,,-16.401397705078125,-71.5343017578125,anonymous,ES,1,2,2,26,1,,,26,,,,,,,,,,,,,,,,,,,2,1,,,,,1,120,,,,,,,"4,7,8",1,4,2,1,3,2,5,5,8,2,5,2,4
2021-07-05 11:45:11,2021-07-05 11:49:51,0,179.7.137.63,6,279,0,2021-07-12 11:49:56,R_POgN8xc7HI8L3Ud,,,,,,,anonymous,ES,1,1,3,,,,,,,,,,,,,,,,,,,,,,,,,,,,,,,,,,,,,,,,,,,,,,,,,,,
2021-07-05 12:22:10,2021-07-05 12:23:09,0,132.191.2.247,1,59,0,2021-07-12 12:23:12,R_3MGUAYbk0WoEIEd,,,,,,,anonymous,ES,1,,,,,,,,,,,,,,,,,,,,,,,,,,,,,,,,,,,,,,,,,,,,,,,,,,,,,
2021-07-05 14:06:26,2021-07-05 14:06:44,0,190.113.214.190,6,17,0,2021-07-12 14:06:46,R_1doGXg58o4iytOb,,,,,,,anonymous,ES,1,1,3,,,,,,,,,,,,,,,,,,,,,,,,,,,,,,,,,,,,,,,,,,,,,,,,,,,
2021-07-13 10:51:27,2021-07-13 10:59:01,0,179.43.94.226,100,453,1,2021-07-13 10:59:02,R_2VCTkMP41dXpZQD,,,,,-16.401397705078125,-71.5343017578125,anonymous,ES,1,1,4,26,1,,,4,,,,,,,,,,,,,,,,,,,2,"2,3",2,,"2,3",,,,,,,,,,"1,4,5,7,8",1,4,3,1,2,2,4,6,6,2,5,2,6
2021-07-13 21:11:20,2021-07-13 21:21:10,0,181.176.110.70,100,589,1,2021-07-13 21:21:12,R_1DqE7hKzNCY6s4X,,,,,-12.0464019775390625,-77.0428009033203125,anonymous,ES,1,1,2,26,1,,,2,,,,,,,,,,,,,,,,,,,1,,1,50.2,,,,,,,,,,,"1,4,7",1,3,3,1,2,2,4,1,3,1,3,2,3
2021-07-07 12:21:42,2021-07-07 12:21:58,0,109.220.30.87,1,15,0,2021-07-14 12:21:59,R_3iVFXB5okxw9yjL,,,,,,,anonymous,ES,1,,,,,,,,,,,,,,,,,,,,,,,,,,,,,,,,,,,,,,,,,,,,,,,,,,,,,
2021-07-07 12:37:33,2021-07-07 12:38:20,0,132.251.3.169,1,47,0,2021-07-14 12:38:27,R_24l7As82pxiOUTf,,,,,,,anonymous,ES,1,,,,,,,,,,,,,,,,,,,,,,,,,,,,,,,,,,,,,,,,,,,,,,,,,,,,,
2021-07-07 14:39:49,2021-07-07 14:42:32,0,181.64.192.197,64,163,0,2021-07-14 14:42:34,R_1ltrQ9eTtG6WUps,,,,,,,anonymous,ES,1,7,4,28,,,1,,,,,,,,,,30,,,,,,,,,,1,,,,,,,,,,,,,,,,,,,,,,,,,,,
2021-07-07 14:39:16,2021-07-07 14:46:16,0,201.240.146.168,93,420,0,2021-07-14 14:46:23,R_USm8lOYwM0xsSGZ,,,,,,,anonymous,ES,1,4,3,28,,,1,,,,,,,,,,30,,,,,,,,,,2,"1,6",,,,,,,,,1,20.2,,,"1,4,8",1,5,3,1,4,2,3,1,6,,,,
2021-07-07 14:54:43,2021-07-07 14:58:32,0,179.6.211.152,1,228,0,2021-07-14 14:58:34,R_2TAXxKtpx3Tb4h9,,,,,,,anonymous,ES,1,,,,,,,,,,,,,,,,,,,,,,,,,,,,,,,,,,,,,,,,,,,,,,,,,,,,,
2021-07-07 15:08:17,2021-07-07 15:15:44,0,179.6.77.5,73,447,0,2021-07-14 15:15:44,R_2fCoVKNHlBqmZJf,,,,,,,anonymous,ES,1,2,4,28,,,1,,,,,,,,,,30,,,,,,,,,,2,1,,,,,,,,,1,,,,,,,,,,,,,,,,,
2021-07-07 14:09:24,2021-07-07 17:45:33,0,181.66.100.173,1,12969,0,2021-07-14 17:45:35,R_2SBM8jjEFYV1Qkq,,,,,,,anonymous,ES,1,,,,,,,,,,,,,,,,,,,,,,,,,,,,,,,,,,,,,,,,,,,,,,,,,,,,,
2021-07-08 07:19:42,2021-07-08 07:43:40,0,190.237.34.121,1,1437,0,2021-07-15 07:43:41,R_1dEo5HlgEqyZrax,,,,,,,anonymous,ES,1,,,,,,,,,,,,,,,,,,,,,,,,,,,,,,,,,,,,,,,,,,,,,,,,,,,,,
2021-07-08 07:56:43,2021-07-08 08:00:45,0,131.220.249.11,42,242,0,2021-07-15 08:00:46,R_3LaO66MwslpXtF3,,,,,,,anonymous,ES,1,3,3,28,,,1,,,,,,,,,,8,,,,,,,,,,,,,,,,,,,,,,,,,,,,,,,,,,,,,
2021-07-08 07:19:31,2021-07-08 09:56:18,0,45.177.196.232,73,9407,0,2021-07-15 09:56:21,R_2rpHKx1GnRCrSII,,,,,,,anonymous,ES,1,1,2,26,5,,,,,,,20,,,,,,,,,,,,,,,2,"1,5,6",1,,,,,,,,,,,,,,,,,,,,,,,,,
2021-07-15 11:23:07,2021-07-15 11:27:59,0,179.6.164.180,100,291,1,2021-07-15 11:28:00,R_3qJoHPf1OYQ3CXk,,,,,-12.0464019775390625,-77.0428009033203125,anonymous,ES,1,1,3,26,1,,,2,,,,,,,,,,,,,,,,,,,2,1,,,,,1,99.9,,,,,,,"1,5,8",1,4,3,1,1,2,3,7,7,2,4,2,4
2021-07-08 12:05:12,2021-07-08 12:06:49,0,190.239.90.137,1,97,0,2021-07-15 12:06:49,R_3QGnlUlT5EbCFek,,,,,,,anonymous,ES,1,,,,,,,,,,,,,,,,,,,,,,,,,,,,,,,,,,,,,,,,,,,,,,,,,,,,,
2021-07-15 14:06:34,2021-07-15 14:13:34,0,179.43.94.93,100,419,1,2021-07-15 14:13:34,R_3HFxW24KbfygOjv,,,,,-16.401397705078125,-71.5343017578125,anonymous,ES,1,1,3,26,1,,,4,,,,,,,,,,,,,,,,,,,1,,,,,,1,50,,,,,,,"1,4,7",2,4,3,1,1,2,4,7,4,2,6,2,4
2021-07-15 15:32:01,2021-07-15 15:41:20,0,190.113.215.165,100,558,1,2021-07-15 15:41:22,R_2tz1guWeeKOe6eS,,,,,-16.401397705078125,-71.5343017578125,anonymous,ES,1,1,3,26,1,,,4,,,,,,,,,,,,,,,,,,,2,6,1,31,,,,,,,,,,,"8,9,10",2,4,3,1,1,2,4,7,2,2,5,2,7
2021-07-15 15:32:32,2021-07-15 16:00:11,0,190.236.179.139,100,1659,1,2021-07-15 16:00:12,R_zUqRNY9pi49NVgB,,,,,-16.401397705078125,-71.5343017578125,anonymous,ES,1,1,3,26,1,,,1,,,,,,,,,,,,,,,,,,,2,1,,,,,,,,,2,,6,,4,1,5,2,1,5,1,4,1,5,2,3,2,3
2021-07-15 15:57:01,2021-07-15 16:15:27,0,190.239.92.250,100,1105,1,2021-07-15 16:15:29,R_3ESuJ3Thy1vQKUu,,,,,-16.401397705078125,-71.5343017578125,anonymous,ES,1,1,3,26,1,,,9,,,,,,,,,,,,,,,,,,,2,"1,6",,,,,1,150,,,,,,,"1,4,9",4,4,3,1,1,2,3,7,2,2,5,1,5
2021-07-15 18:41:53,2021-07-15 18:55:01,0,181.176.106.223,100,787,1,2021-07-15 18:55:01,R_1g8dNjkibNAAYjz,,,,,-12.0438995361328125,-77.02809906005859375,anonymous,ES,1,1,3,26,5,,,,,,,2,,,,,,,,,,,,,,,2,"2,3",,,,,,,,,1,14.9,,,"4,5,10",1,3,3,1,1,2,3,7,2,2,4,1,6
2021-07-08 19:55:58,2021-07-08 19:56:10,0,190.232.106.12,1,12,0,2021-07-15 19:56:12,R_sHEv5NRVwdRYUtX,,,,,,,anonymous,ES,1,,,,,,,,,,,,,,,,,,,,,,,,,,,,,,,,,,,,,,,,,,,,,,,,,,,,,
2021-07-16 01:24:31,2021-07-16 01:35:11,0,179.6.198.22,100,639,1,2021-07-16 01:35:11,R_1DSSpj1As1wlTHg,,,,,-12.0464019775390625,-77.0428009033203125,anonymous,ES,1,3,4,28,,,1,,,,,,,,,,21,,,,,,,,,,2,"1,2",1,30,,,,,,,,,,,"4,8,9",1,5,4,1,3,1,4,1,10,1,4,2,4
2021-07-16 07:57:24,2021-07-16 08:01:21,0,179.6.164.93,100,236,1,2021-07-16 08:01:21,R_2vcEPte4Wz88u7B,,,,,-12.0464019775390625,-77.0428009033203125,anonymous,ES,1,1,3,26,1,,,26,,,,,,,,,,,,,,,,,,,2,6,1,21.5,,,,,,,,,,,"1,4",1,4,3,1,1,2,3,7,8,2,5,2,6
2021-07-16 07:59:03,2021-07-16 08:05:08,0,20.97.56.88,100,364,1,2021-07-16 08:05:08,R_yr3rJCWxV58Dn6V,,,,,29.422698974609375,-98.49269866943359375,anonymous,ES,1,2,3,26,7,,,,,,,,,4,,,,,,,,,,,,,2,1,,,,,1,60.3,,,,,,,"4,6,9",1,3,1,1,1,2,4,7,6,2,4,2,4
2021-07-16 08:00:52,2021-07-16 08:06:18,0,201.240.205.75,100,325,1,2021-07-16 08:06:18,R_2QPMAPO4jpLIYAF,,,,,-13.520599365234375,-71.97589874267578125,anonymous,ES,1,8,4,26,1,,,28,,,,,,,,,,,,,,,,,,,2,6,,,,,,,,,1,30,,,"2,4",1,5,4,1,2,1,3,7,5,2,4,2,4
2021-07-16 07:59:48,2021-07-16 08:06:59,0,179.43.93.51,100,431,1,2021-07-16 08:07:00,R_D115RcgWSc3zH6V,,,,,-16.401397705078125,-71.5343017578125,anonymous,ES,1,3,3,26,1,,,4,,,,,,,,,,,,,,,,,,,2,6,,,,,,,,,1,35.6,,,"2,4,9",2,5,3,1,1,2,3,7,3,2,1,2,5
2021-07-16 08:02:12,2021-07-16 08:09:50,0,201.230.205.166,100,457,1,2021-07-16 08:09:50,R_1HnIe6ue2F5x5D5,,,,,-16.401397705078125,-71.5343017578125,anonymous,ES,1,2,2,26,1,,,4,,,,,,,,,,,,,,,,,,,1,,,,,,1,88.9,,,,,,,"1,4,5",,,3,1,1,2,3,7,8,2,5,2,5
2021-07-16 08:03:20,2021-07-16 08:13:32,0,179.6.165.169,100,612,1,2021-07-16 08:13:33,R_1g0VATKKKdkkkCL,,,,,-12.0464019775390625,-77.0428009033203125,anonymous,ES,1,1,4,26,1,,,7,,,,,,,,,,,,,,,,,,,2,"3,6",1,20.1,,,,,,,,,,,"1,4,5",1,3,3,1,1,2,3,7,1,2,2,1,6
2021-07-16 08:10:41,2021-07-16 08:15:29,0,201.230.205.166,100,288,1,2021-07-16 08:15:30,R_1GNyztSfEcYb02S,,,,,-16.401397705078125,-71.5343017578125,anonymous,ES,1,2,2,26,1,,,4,,,,,,,,,,,,,,,,,,,1,,,,,,,,,,1,97.3,,,"1,4,5",2,5,3,1,1,2,3,7,8,2,5,2,5
2021-07-16 08:13:16,2021-07-16 08:23:00,0,190.237.242.49,100,583,1,2021-07-16 08:23:00,R_uq4aTupYrpSf5QZ,,,,,-16.401397705078125,-71.5343017578125,anonymous,ES,1,5,3,26,1,,,4,,,,,,,,,,,,,,,,,,,2,6,1,106.8,,,,,,,,,,,"1,5,7",2,4,3,1,1,1,7,7,5,2,2,2,2
2021-07-16 08:31:05,2021-07-16 08:40:14,0,190.42.16.77,100,548,1,2021-07-16 08:40:15,R_tLDTbqjBE48nstP,,,,,-15.8323974609375,-70.03389739990234375,anonymous,ES,1,2,3,26,1,,,29,,,,,,,,,,,,,,,,,,,2,"1,2",,,,,2,,"2,3",,,,,,"1,9",1,4,3,1,1,1,3,7,4,1,1,1,4
2021-07-16 09:44:36,2021-07-16 10:00:13,0,179.7.226.151,100,937,1,2021-07-16 10:00:14,R_yR66FeU89JZSQk9,,,,,-16.401397705078125,-71.5343017578125,anonymous,ES,1,4,4,26,1,,,7,,,,,,,,,,,,,,,,,,,2,"1,3",2,,1,,,,,,,,,,"1,4",1,4,3,1,1,2,3,7,2,2,6,2,7
2021-07-16 09:46:54,2021-07-16 10:03:27,0,190.239.152.165,100,993,1,2021-07-16 10:03:29,R_3qO44LDSfGMEsEK,,,,,-16.401397705078125,-71.5343017578125,anonymous,ES,1,2,4,26,1,,,3,,,,,,,,,,,,,,,,,,,2,"1,2",,,,,1,100.1,,,,,,,2,1,5,3,1,1,2,3,7,1,2,3,2,4
2021-07-16 09:56:42,2021-07-16 10:04:56,0,181.64.241.130,100,493,1,2021-07-16 10:04:57,R_1o0xWORvUjTDkiL,,,,,-16.401397705078125,-71.5343017578125,anonymous,ES,1,1,2,26,1,,,4,,,,,,,,,,,,,,,,,,,2,2,,,,,,,,,2,,2,,2,1,5,3,1,1,1,4,7,4,2,6,2,6
2021-07-16 09:58:34,2021-07-16 10:05:32,0,179.6.165.137,100,418,1,2021-07-16 10:05:34,R_UF0W8Fu1OcHdPk5,,,,,-12.0464019775390625,-77.0428009033203125,anonymous,ES,1,1,3,26,1,,,4,,,,,,,,,,,,,,,,,,,2,6,,,,,,,,,2,,5,,2,1,5,2,1,1,2,3,7,4,2,4,2,5
2021-07-16 09:58:57,2021-07-16 10:06:04,0,190.232.27.231,100,427,1,2021-07-16 10:06:05,R_1OJfhONWNFdCNVa,,,,,-16.401397705078125,-71.5343017578125,anonymous,ES,1,1,4,26,1,,,29,,,,,,,,,,,,,,,,,,,2,"1,3",1,50,,,,,,,,,,,"1,4,9",1,4,3,1,1,2,3,7,2,2,3,1,4
2021-07-16 09:58:09,2021-07-16 10:10:18,0,179.6.165.20,100,728,1,2021-07-16 10:10:19,R_31SCfOoVnZ4imZw,,,,,-12.0464019775390625,-77.0428009033203125,anonymous,ES,1,4,3,26,1,,,10,,,,,,,,,,,,,,,,,,,2,"2,6",,,,,1,64.3,,,,,,,"2,9",1,5,3,1,1,1,4,7,7,2,5,1,7
2021-07-16 10:00:45,2021-07-16 10:11:57,0,179.6.164.212,100,671,1,2021-07-16 10:11:58,R_3HXgNWsmA9eVa7e,,,,,-12.0464019775390625,-77.0428009033203125,anonymous,ES,1,1,3,26,1,,,1,,,,,,,,,,,,,,,,,,,1,,,,,,1,100.3,,,,,,,"1,4,7",1,3,3,1,1,1,4,1,4,2,3,2,7
2021-07-16 10:11:05,2021-07-16 10:16:35,0,190.42.16.220,100,329,1,2021-07-16 10:16:35,R_2xPN3H0P7pq0VDB,,,,,-15.8323974609375,-70.03389739990234375,anonymous,ES,1,3,3,26,1,,,22,,,,,,,,,,,,,,,,,,,2,2,1,120,,,,,,,,,,,"2,4,9",1,4,3,1,2,1,4,2,5,2,5,2,3
2021-07-16 10:08:39,2021-07-16 10:22:43,0,181.66.90.157,100,843,1,2021-07-16 10:22:44,R_2anua54blyG7X9g,,,,,-13.520599365234375,-71.97589874267578125,anonymous,ES,1,6,3,26,1,,,9,,,,,,,,,,,,,,,,,,,2,"2,4",,,,,,,,,1,30,,,"1,4,5",1,5,3,1,1,2,3,7,7,1,5,1,2
2021-07-16 09:40:10,2021-07-16 10:33:52,0,179.6.165.71,100,3222,1,2021-07-16 10:33:52,R_1DScjF8o5ucbw50,,,,,-12.0464019775390625,-77.0428009033203125,anonymous,ES,1,3,3,26,1,,,12,,,,,,,,,,,,,,,,,,,2,1,2,,"2,3",,,,,,,,,,"4,7,8",1,5,3,1,1,2,3,7,,2,5,2,5
2021-07-16 09:42:58,2021-07-16 11:24:23,0,190.113.214.175,100,6085,1,2021-07-16 11:24:23,R_1nPVn8iorzcxoWP,,,,,-16.401397705078125,-71.5343017578125,anonymous,ES,1,2,2,26,3,,,,,7,,,,,,,,,,,,,,,,,2,1,,,,,1,25.7,,,,,,,4,1,5,2,1,,1,3,7,2,2,2,2,3
2021-07-16 12:40:46,2021-07-16 12:52:00,0,181.176.103.21,100,673,1,2021-07-16 12:52:00,R_1Kgbi78dhieyigu,,,,,-12.0464019775390625,-77.0428009033203125,anonymous,ES,1,1,4,26,1,,,4,,,,,,,,,,,,,,,,,,,2,3,1,10.2,,,,,,,,,,,"1,8,9",1,5,3,1,1,2,3,7,3,2,4,2,2
2021-07-16 12:42:21,2021-07-16 12:53:42,0,190.234.182.93,100,680,1,2021-07-16 12:53:42,R_10JkGbqg5hFPELW,,,,,-12.0464019775390625,-77.0428009033203125,anonymous,ES,1,1,2,28,,,1,,,,,,,,,,40,,,,,,,,,,2,1,,,,,,,,,1,10.1,,,"2,4,5",2,5,3,1,4,1,7,1,10,1,6,1,5
2021-07-16 13:05:41,2021-07-16 13:13:01,0,45.230.248.117,100,439,1,2021-07-16 13:13:01,R_9SH3KBs382trQCR,,,,,-16.401397705078125,-71.5343017578125,anonymous,ES,1,1,4,26,1,,,9,,,,,,,,,,,,,,,,,,,2,"1,3",,,,,1,30,,,,,,,"1,4,7",1,4,4,1,1,1,3,7,3,2,3,1,3
2021-07-16 13:38:09,2021-07-16 13:42:09,0,200.121.203.99,100,239,1,2021-07-16 13:42:09,R_3Ld6cSlLgEdeR2Q,,,,,-15.8323974609375,-70.03389739990234375,anonymous,ES,1,1,2,26,1,,,2,,,,,,,,,,,,,,,,,,,1,,,,,,,,,,2,,3,,"4,5,8",1,4,1,1,1,1,3,1,3,1,3,2,3
2021-07-16 15:11:03,2021-07-16 15:24:10,0,201.230.205.226,100,787,1,2021-07-16 15:24:10,R_2sKiUsdkgYthNst,,,,,-16.401397705078125,-71.5343017578125,anonymous,ES,1,1,4,26,1,,,29,,,,,,,,,,,,,,,,,,,2,1,1,78,,,,,,,,,,,"2,7,9",3,4,3,1,1,1,4,7,4,1,4,1,3
2021-07-16 15:26:04,2021-07-16 15:36:25,0,190.239.143.172,100,620,1,2021-07-16 15:36:25,R_1rAYCqvrfkNejje,,,,,-13.520599365234375,-71.97589874267578125,anonymous,ES,1,2,2,26,3,,,,,7,,,,,,,,,,,,,,,,,1,,,,,,1,50.9,,,,,,,"1,8,9,10",2,3,3,1,1,2,3,7,1,2,2,2,5
2021-07-16 15:50:54,2021-07-16 16:56:00,0,181.176.165.115,100,3906,1,2021-07-16 16:56:01,R_2ZCt3CN1x5Ci6EN,,,,,-12.0438995361328125,-77.02809906005859375,anonymous,ES,1,1,1,26,1,,,4,,,,,,,,,,,,,,,,,,,2,1,1,68,,,,,,,,,,,1,1,1,1,1,2,1,1,1,2,2,1,1,3
2021-07-16 16:45:55,2021-07-16 17:06:01,0,200.48.64.108,100,1205,1,2021-07-16 17:06:01,R_2xCV905VvFm3stj,,,,,-16.401397705078125,-71.5343017578125,anonymous,ES,1,5,3,26,5,,,,,,,20,,,,,,,,,,,,,,,2,"1,3",,,,,2,,"4,6","Mi familia no ha sido protagonista de cualquier gran tipo de desastre, por lo que se podría decir que vemos y yo personalmente lo veo como innecesario frente a otros tipos de necesidades más primordiales ",,,,,"8,9",1,5,3,1,1,1,3,7,4,2,5,2,5
2021-07-16 17:05:25,2021-07-16 17:13:17,0,190.236.179.125,100,471,1,2021-07-16 17:13:18,R_svwOsdv3mmc30at,,,,,-16.401397705078125,-71.5343017578125,anonymous,ES,1,3,3,26,1,,,9,,,,,,,,,,,,,,,,,,,2,"1,3,6",,,,,,,,,1,20.7,,,"2,4,5",1,3,3,1,1,2,3,7,1,2,1,2,5
2021-07-16 17:06:56,2021-07-16 17:15:36,0,201.230.37.150,100,520,1,2021-07-16 17:15:37,R_1luY6TV2YaBw2ih,,,,,-16.401397705078125,-71.5343017578125,anonymous,ES,1,3,4,26,1,,,8,,,,,,,,,,,,,,,,,,,2,"2,5",,,,,2,,"1,3",,,,,,"1,4,9",1,5,4,1,1,1,4,7,1,2,5,2,6
2021-07-16 17:23:53,2021-07-16 17:29:08,0,190.113.214.99,100,314,1,2021-07-16 17:29:08,R_b3HbozrQ9u6TNTP,,,,,-16.401397705078125,-71.5343017578125,anonymous,ES,1,1,,26,1,,,10,,,,,,,,,,,,,,,,,,,2,1,1,36.8,,,,,,,,,,,1,1,5,3,1,1,1,3,7,3,2,2,1,2
2021-07-16 17:26:30,2021-07-16 17:45:45,0,181.176.65.141,100,1155,1,2021-07-16 17:45:46,R_yDRqGHzqlm5vSA9,,,,,-12.0464019775390625,-77.0428009033203125,anonymous,ES,1,2,3,26,1,,,3,,,,,,,,,,,,,,,,,,,2,"2,6",,,,,,,,,1,44.8,,,"2,4,7",1,5,3,1,1,1,3,7,2,2,4,1,2
2021-07-16 17:41:09,2021-07-16 17:46:18,0,190.42.17.13,100,309,1,2021-07-16 17:46:19,R_2lXk9JsXe8qN9lv,,,,,-15.8323974609375,-70.03389739990234375,anonymous,ES,1,1,4,26,1,,,10,,,,,,,,,,,,,,,,,,,2,"2,6",,,,,1,50.5,,,,,,,"2,4,9",1,5,3,1,1,1,4,7,8,2,3,1,5
2021-07-16 17:47:53,2021-07-16 17:49:37,0,190.42.17.13,100,104,1,2021-07-16 17:49:38,R_2RWYwBoGuRr2pU9,,,,,-15.8323974609375,-70.03389739990234375,anonymous,ES,1,1,1,26,1,,,10,,,,,,,,,,,,,,,,,,,1,,1,57.9,,,,,,,,,,,"2,4,7,9",1,5,3,1,1,1,4,7,9,2,3,1,5
2021-07-16 18:03:52,2021-07-16 18:08:46,0,190.113.214.193,100,293,1,2021-07-16 18:08:47,R_10NuL2x376Ga3j7,,,,,-16.401397705078125,-71.5343017578125,anonymous,ES,1,6,3,26,1,,,2,,,,,,,,,,,,,,,,,,,2,3,,,,,,,,,1,45,,,"1,4,7",1,4,3,1,1,1,4,7,,2,3,2,4
2021-07-16 17:55:01,2021-07-16 18:12:51,0,190.239.95.137,100,1070,1,2021-07-16 18:12:51,R_9sOmlJ5RYlQep5D,,,,,-16.401397705078125,-71.5343017578125,anonymous,ES,1,1,2,26,1,,,2,,,,,,,,,,,,,,,,,,,2,1,,,,,1,99.9,,,,,,,"1,4,5",3,4,3,1,1,2,3,7,3,2,3,2,3
2021-07-16 17:55:24,2021-07-16 18:13:50,0,190.234.181.98,100,1105,1,2021-07-16 18:13:52,R_2EdfrLKtOyeVyno,,,,,-12.0464019775390625,-77.0428009033203125,anonymous,ES,1,8,4,28,,,6,,,,,,,,,,,,,,,5,,,,,1,,,,,,,,,,1,78.6,,,4,1,5,3,1,3,1,4,2,5,1,4,1,4
2021-07-16 18:14:37,2021-07-16 18:19:42,0,190.113.215.119,100,305,1,2021-07-16 18:19:42,R_2Y94NpYD5v6ezE6,,,,,-16.401397705078125,-71.5343017578125,anonymous,ES,1,1,4,26,1,,,29,,,,,,,,,,,,,,,,,,,2,"2,3",2,,"3,6",,,,,,,,,,"2,4",2,5,3,1,1,2,4,7,6,2,5,1,3
2021-07-16 17:37:02,2021-07-16 18:35:26,0,190.237.242.105,100,3504,1,2021-07-16 18:35:28,R_2TB4BNf4xA2SnUv,,,,,-16.401397705078125,-71.5343017578125,anonymous,ES,1,1,3,26,1,,,4,,,,,,,,,,,,,,,,,,,2,3,1,100.1,,,,,,,,,,,4,1,5,3,1,1,2,3,7,4,2,4,2,4
2021-07-16 18:56:16,2021-07-16 19:02:54,0,200.121.141.26,100,397,1,2021-07-16 19:02:54,R_ZrGnH8Q5dr3iocF,,,,,-16.401397705078125,-71.5343017578125,anonymous,ES,1,1,2,26,1,,,4,,,,,,,,,,,,,,,,,,,2,"3,4",,,,,,,,,1,150,,,"2,4,9",2,2,3,1,1,1,3,7,7,1,4,1,6
2021-07-16 10:02:11,2021-07-16 19:12:09,0,181.67.119.66,100,32998,1,2021-07-16 19:12:09,R_1j8keTE5PXtHUv5,,,,,-12.0464019775390625,-77.0428009033203125,anonymous,ES,1,3,3,26,1,,,2,,,,,,,,,,,,,,,,,,,2,6,,,,,,,,,1,25.7,,,,2,5,3,1,1,2,3,7,7,2,5,2,7
2021-07-16 19:07:03,2021-07-16 19:27:31,0,179.7.224.51,100,1228,1,2021-07-16 19:27:33,R_3qPVBjaHtAByUFm,,,,,-16.401397705078125,-71.5343017578125,anonymous,ES,1,8,4,26,1,,,10,,,,,,,,,,,,,,,,,,,1,,,,,,2,,6,"Sí contrataría un seguro de hogar contra accidente, por error selecciona la alternativa equivocada en la anterior pregunta",,,,,"1,4,9",1,5,3,1,1,1,3,7,3,2,5,2,4
2021-07-16 15:39:42,2021-07-16 19:56:54,0,179.7.225.85,100,15432,1,2021-07-16 19:56:55,R_2VJw42yKuUcyUIV,,,,,-16.401397705078125,-71.5343017578125,anonymous,ES,1,3,2,26,1,,,29,,,,,,,,,,,,,,,,,,,2,"2,3",,,,,,,,,2,,2,,"1,2",2,4,4,1,1,1,4,7,5,1,5,1,3
2021-07-16 19:50:04,2021-07-16 20:06:33,0,190.119.166.236,100,989,1,2021-07-16 20:06:34,R_29lSXoTas4tI7hO,,,,,-16.2675933837890625,-71.4541015625,anonymous,ES,1,8,4,26,7,,,,,,,,,2,,,,,,,,,,,,,2,"3,6",1,70.8,,,,,,,,,,,"4,5,6",1,2,3,1,1,1,3,7,1,2,3,2,2
2021-07-16 20:27:36,2021-07-16 20:33:10,0,181.176.97.247,100,333,1,2021-07-16 20:33:10,R_2aPvH6wKDuG7p2k,,,,,-12.0464019775390625,-77.0428009033203125,anonymous,ES,1,3,3,26,1,,,5,,,,,,,,,,,,,,,,,,,2,3,,,,,1,30.4,,,,,,,1,1,3,3,1,1,2,4,7,1,2,5,2,3
2021-07-16 21:24:47,2021-07-16 21:29:19,0,190.233.93.224,100,272,1,2021-07-16 21:29:19,R_2OZV00aY4oHPm1O,,,,,-16.401397705078125,-71.5343017578125,anonymous,ES,1,5,2,26,1,,,4,,,,,,,,,,,,,,,,,,,1,,1,15.7,,,,,,,,,,,"1,2,3",1,5,4,3,2,1,4,7,1,2,4,2,4
2021-07-16 15:24:30,2021-07-16 21:46:57,0,190.239.152.189,100,22946,1,2021-07-16 21:46:57,R_8CbHv50JDxakRmF,,,,,-16.401397705078125,-71.5343017578125,anonymous,ES,1,4,3,26,2,,,,8,,,,,,,,,,,,,,,,,,2,2,,,,,1,60.1,,,,,,,"4,5,8",1,5,3,1,1,2,3,7,3,2,5,2,3
2021-07-16 22:08:18,2021-07-16 22:13:36,0,200.121.220.139,100,317,1,2021-07-16 22:13:36,R_3Kqk1W3wlTT1GaS,,,,,-15.8323974609375,-70.03389739990234375,anonymous,ES,1,4,3,26,1,,,1,,,,,,,,,,,,,,,,,,,2,"2,6",,,,,,,,,2,,2,,"1,7",4,3,3,1,1,2,3,7,,1,5,1,5
2021-07-16 22:38:26,2021-07-16 22:41:43,0,201.240.180.190,100,196,1,2021-07-16 22:41:43,R_8GpOl6YwvnHlXrj,,,,,-16.401397705078125,-71.5343017578125,anonymous,ES,1,1,3,26,1,,,5,,,,,,,,,,,,,,,,,,,2,"1,4",,,,,1,90.3,,,,,,,"1,5,9",1,5,3,1,1,1,3,7,6,2,6,2,4
2021-07-16 23:16:50,2021-07-16 23:27:49,0,181.64.105.82,100,659,1,2021-07-16 23:27:49,R_2RXou5fwyQOfVAw,,,,,-8.1190948486328125,-79.03549957275390625,anonymous,ES,1,2,3,26,1,,,9,,,,,,,,,,,,,,,,,,,1,,,,,,,,,,1,80.2,,,4,1,5,3,1,1,2,3,7,4,1,2,1,2
2021-07-17 08:50:51,2021-07-17 08:57:40,0,179.6.57.157,100,408,1,2021-07-17 08:57:41,R_YRJcdoj6XdHb0Fb,,,,,-18.0052032470703125,-70.2489013671875,anonymous,ES,1,3,4,26,1,,,22,,,,,,,,,,,,,,,,,,,2,"1,6",1,14.3,,,,,,,,,,,"1,5,9",2,4,3,1,1,2,3,7,7,2,6,2,7
2021-07-17 08:51:10,2021-07-17 09:12:38,0,190.42.17.105,100,1288,1,2021-07-17 09:12:38,R_1QozCQ2YxbMoycL,,,,,-15.8323974609375,-70.03389739990234375,anonymous,ES,1,1,3,26,1,,,,,,,,,,,,,,,,,,,,,,2,3,,,,,,,,,2,,3,,9,2,4,3,1,4,1,3,,3,2,1,2,7
2021-07-17 14:24:12,2021-07-17 14:29:28,0,190.113.215.110,100,315,1,2021-07-17 14:29:28,R_1cZCFsNEmdyW3EK,,,,,-16.401397705078125,-71.5343017578125,anonymous,ES,1,1,2,26,1,,,12,,,,,,,,,,,,,,,,,,,2,"1,2",,,,,1,50.5,,,,,,,"1,4,9",2,5,4,1,1,1,3,7,7,2,3,2,6
2021-07-17 15:26:33,2021-07-17 15:38:52,0,190.239.95.140,100,738,1,2021-07-17 15:38:52,R_10uUnEceujQouJZ,,,,,-16.401397705078125,-71.5343017578125,anonymous,ES,1,4,3,26,1,,,3,,,,,,,,,,,,,,,,,,,2,1,1,60.1,,,,,,,,,,,"1,8,9",2,3,3,1,1,2,7,7,2,2,3,2,6
2021-07-10 14:16:56,2021-07-10 15:43:47,0,179.6.139.148,1,5211,0,2021-07-17 15:43:48,R_2qrWJT8q72aUqQK,,,,,,,anonymous,ES,1,,,,,,,,,,,,,,,,,,,,,,,,,,,,,,,,,,,,,,,,,,,,,,,,,,,,,
2021-07-17 15:50:03,2021-07-17 15:55:34,0,190.239.152.98,100,331,1,2021-07-17 15:55:34,R_3qP5x3lB83qDJsm,,,,,-16.401397705078125,-71.5343017578125,anonymous,ES,1,7,2,26,2,,,,1,,,,,,,,,,,,,,,,,,2,6,,,,,2,,6,,,,,,,1,5,3,1,,1,4,7,5,2,5,2,5
2021-07-17 15:56:49,2021-07-17 15:58:21,0,190.239.152.98,100,91,1,2021-07-17 15:58:21,R_3Mtyl9JN3zkcitB,,,,,-16.401397705078125,-71.5343017578125,anonymous,ES,1,7,2,26,2,,,,1,,,,,,,,,,,,,,,,,,2,6,2,,6,,,,,,,,,,,1,5,3,1,1,1,4,7,5,2,4,2,5
2021-07-17 16:00:07,2021-07-17 16:07:38,0,190.232.27.216,100,451,1,2021-07-17 16:07:39,R_2VNK3QEHLGh6xEv,,,,,-16.401397705078125,-71.5343017578125,anonymous,ES,1,1,2,26,1,,,3,,,,,,,,,,,,,,,,,,,2,"1,6",,,,,,,,,1,70,,,2,1,5,4,1,1,1,3,7,2,2,5,2,4
2021-07-17 16:40:42,2021-07-17 17:21:04,0,190.234.4.164,100,2421,1,2021-07-17 17:21:05,R_3qDlD4AIRQjfiSB,,,,,-12.0464019775390625,-77.0428009033203125,anonymous,ES,1,3,3,28,,,1,,,,,,,,,,40,,,,,,,,,,1,,,,,,2,,5,,,,,,"3,4,8",1,5,3,1,1,1,3,7,11,2,4,2,4
2021-07-18 11:44:43,2021-07-18 11:50:55,0,190.113.214.196,100,371,1,2021-07-18 11:50:55,R_3p5VIQwpxiJpdTk,,,,,-16.401397705078125,-71.5343017578125,anonymous,ES,1,1,3,26,4,,,,,,13,,,,,,,,,,,,,,,,2,"1,6",,,,,,,,,1,49.9,,,"1,5,9",1,5,3,1,1,2,3,7,3,2,5,2,5
2021-07-18 11:58:07,2021-07-18 12:03:51,0,190.236.76.235,100,343,1,2021-07-18 12:03:52,R_3fiQRPpsCHzaXsA,,,,,-16.401397705078125,-71.5343017578125,anonymous,ES,1,1,2,26,1,,,12,,,,,,,,,,,,,,,,,,,2,"1,2",1,15.3,,,,,,,,,,,"4,7,10",1,4,4,1,1,1,4,7,3,2,3,1,1
2021-07-18 19:18:14,2021-07-18 19:22:26,0,190.42.17.124,100,252,1,2021-07-18 19:22:26,R_1ClGgACwH84UArr,,,,,-15.8323974609375,-70.03389739990234375,anonymous,ES,1,3,4,26,1,,,1,,,,,,,,,,,,,,,,,,,2,,2,,5,,,,,,,,,,4,1,5,4,1,1,1,3,7,7,1,4,1,1
2021-07-18 20:00:49,2021-07-18 20:05:53,0,200.48.251.235,100,304,1,2021-07-18 20:05:54,R_ANldJkqm2itugW5,,,,,-16.401397705078125,-71.5343017578125,anonymous,ES,1,1,3,26,1,,,9,,,,,,,,,,,,,,,,,,,2,3,,,,,1,30.6,,,,,,,"2,5,8",1,4,3,1,1,1,7,7,2,2,2,1,5
2021-07-18 22:29:47,2021-07-18 22:33:16,0,201.230.200.46,100,209,1,2021-07-18 22:33:17,R_27WjsM7yk7eENfd,,,,,-16.401397705078125,-71.5343017578125,anonymous,ES,1,1,1,26,1,,,3,,,,,,,,,,,,,,,,,,,2,1,,,,,,,,,1,121,,,"4,7",1,5,3,1,1,1,4,4,3,2,6,2,4
2021-07-18 12:43:42,2021-07-19 05:52:54,0,179.43.93.54,100,61751,1,2021-07-19 05:52:54,R_3fqmcrvAIeFu6hB,,,,,-16.401397705078125,-71.5343017578125,anonymous,ES,1,8,3,26,1,,,4,,,,,,,,,,,,,,,,,,,2,,,,,,,,,,1,21.5,,,"1,4,8",1,3,3,1,1,1,3,7,2,2,4,2,1
2021-07-19 06:57:41,2021-07-19 07:01:43,0,179.7.226.60,100,242,1,2021-07-19 07:01:44,R_YWGAGyVTJMxDdaV,,,,,-16.401397705078125,-71.5343017578125,anonymous,ES,1,2,2,26,1,,,10,,,,,,,,,,,,,,,,,,,2,1,,,,,2,,6,,,,,,4,1,5,4,1,1,1,7,7,2,1,1,1,2
2021-07-19 06:42:07,2021-07-19 07:08:30,0,181.64.241.96,100,1583,1,2021-07-19 07:08:31,R_TgUYYUtaQjpLOwN,,,,,-16.401397705078125,-71.5343017578125,anonymous,ES,1,2,2,26,1,,,2,,,,,,,,,,,,,,,,,,,2,3,1,130.1,,,,,,,,,,,"1,4,5",3,3,3,1,1,2,3,7,3,2,5,2,5
2021-07-19 06:59:11,2021-07-19 07:14:38,0,190.42.16.170,100,926,1,2021-07-19 07:14:38,R_TjuDjuUzRzya90t,,,,,-15.8323974609375,-70.03389739990234375,anonymous,ES,1,2,3,26,1,,,1,,,,,,,,,,,,,,,,,,,2,"2,6",,,,,1,20,,,,,,,"1,4,8",3,4,4,1,1,4,7,6,6,2,4,2,5
2021-07-19 07:20:51,2021-07-19 07:24:39,0,200.121.220.141,100,227,1,2021-07-19 07:24:40,R_W1FJNvyq5K7Pzr3,,,,,-15.8323974609375,-70.03389739990234375,anonymous,ES,1,4,4,26,1,,,1,,,,,,,,,,,,,,,,,,,2,3,1,12.9,,,,,,,,,,,7,1,5,4,1,1,2,3,7,1,2,5,2,6
2021-07-19 07:25:21,2021-07-19 07:35:44,0,66.175.238.119,100,622,1,2021-07-19 07:35:44,R_2otSfwXpzhWU65z,,,,,37.751007080078125,-97.82199859619140625,anonymous,ES,1,7,2,26,1,,,23,,,,,,,,,,,,,,,,,,,1,,,,,,,,,,1,35.4,,,"4,7",3,3,3,1,1,2,3,7,3,2,5,2,6
2021-07-19 07:53:17,2021-07-19 08:00:29,0,190.42.17.122,100,432,1,2021-07-19 08:00:29,R_3nNLASxGqKkgZjJ,,,,,-15.8323974609375,-70.03389739990234375,anonymous,ES,1,1,3,26,1,,,28,,,,,,,,,,,,,,,,,,,2,"2,6",1,50.1,,,,,,,,,,,"4,5,9",1,5,3,1,1,1,3,7,,2,4,2,4
2021-07-19 08:16:35,2021-07-19 08:22:54,0,190.42.184.146,100,378,1,2021-07-19 08:22:54,R_3fwaAGNd3UcdpIj,,,,,-16.401397705078125,-71.5343017578125,anonymous,ES,1,8,4,26,1,,,12,,,,,,,,,,,,,,,,,,,2,1,,,,,,,,,1,40.2,,,"1,4,7",2,4,2,1,1,1,4,7,2,1,4,1,4
2021-07-19 08:10:03,2021-07-19 08:27:35,0,181.65.103.35,100,1052,1,2021-07-19 08:27:36,R_TbXBkJoC5xOB5Gp,,,,,-16.401397705078125,-71.5343017578125,anonymous,ES,1,1,4,26,1,,,1,,,,,,,,,,,,,,,,,,,2,"1,2",,,,,1,49.9,,,,,,,"1,2,4",1,5,4,1,3,1,5,4,8,2,4,2,4
2021-07-19 05:59:33,2021-07-19 08:33:43,0,201.230.37.166,100,9249,1,2021-07-19 08:33:43,R_1PcSeNwycPfyYEr,,,,,-16.401397705078125,-71.5343017578125,anonymous,ES,1,5,3,26,1,,,1,,,,,,,,,,,,,,,,,,,2,6,,,,,1,30.8,,,,,,,"1,9",2,5,3,1,1,2,3,7,8,2,6,2,5
2021-07-19 08:46:18,2021-07-19 08:52:26,0,179.43.94.12,100,367,1,2021-07-19 08:52:27,R_3p9hCm51N8wNagR,,,,,-16.401397705078125,-71.5343017578125,anonymous,ES,1,5,2,26,1,,,4,,,,,,,,,,,,,,,,,,,2,1,2,,3,,,,,,,,,,"1,4",1,4,2,1,1,1,3,7,4,2,4,1,5
2021-07-19 09:47:21,2021-07-19 10:12:08,0,181.176.100.66,100,1487,1,2021-07-19 10:12:09,R_03syhnRl379WzMB,,,,,-12.0464019775390625,-77.0428009033203125,anonymous,ES,1,3,3,26,1,,,4,,,,,,,,,,,,,,,,,,,2,"2,3",,,,,,,,,1,35,,,"2,4,7",2,3,3,1,1,2,4,7,3,2,4,1,7
2021-07-19 10:12:39,2021-07-19 10:50:18,0,179.7.50.212,100,2258,1,2021-07-19 10:50:19,R_1C4l0K1yU4SIb5U,,,,,-12.0464019775390625,-77.0428009033203125,anonymous,ES,1,8,2,26,1,,,1,,,,,,,,,,,,,,,,,,,2,6,,,,,2,,1,,,,,,4,1,4,3,1,1,1,3,7,8,2,7,2,5
2021-07-19 16:08:09,2021-07-19 16:16:00,0,179.6.153.244,100,470,1,2021-07-19 16:16:00,R_3k4Ej9b7TC7gLkL,,,,,-12.0464019775390625,-77.0428009033203125,anonymous,ES,1,5,3,26,1,,,12,,,,,,,,,,,,,,,,,,,2,1,,,,,,,,,1,99.1,,,"1,2,4",1,4,3,1,1,2,3,7,2,2,2,1,3
2021-07-19 16:08:16,2021-07-19 16:22:32,0,201.240.14.129,100,855,1,2021-07-19 16:22:34,R_1JXwFDVy1555VZQ,,,,,-16.401397705078125,-71.5343017578125,anonymous,ES,1,3,3,26,1,,,10,,,,,,,,,,,,,,,,,,,2,6,2,,"5,6",,,,,,,,,,4,3,4,4,1,1,1,3,7,3,2,5,1,7
2021-07-12 18:13:52,2021-07-12 18:14:08,0,179.110.147.221,1,16,0,2021-07-19 18:14:09,R_3Pcpm6gQB1o1hck,,,,,,,anonymous,ES,1,,,,,,,,,,,,,,,,,,,,,,,,,,,,,,,,,,,,,,,,,,,,,,,,,,,,,
2021-07-19 18:23:11,2021-07-19 18:41:25,0,177.126.48.106,100,1093,1,2021-07-19 18:41:25,R_4OVIOgYVXCp4fGp,,,,,-16.401397705078125,-71.5343017578125,anonymous,ES,1,4,3,26,1,,,5,,,,,,,,,,,,,,,,,,,2,6,,,,,,,,,1,85.5,,,"3,8,9,10",3,4,3,1,1,2,3,7,2,2,4,2,5
2021-07-19 18:46:32,2021-07-19 18:58:21,0,200.121.220.175,100,708,1,2021-07-19 18:58:21,R_1l3qONWKZEMA2Ep,,,,,-15.8323974609375,-70.03389739990234375,anonymous,ES,1,5,4,26,1,,,1,,,,,,,,,,,,,,,,,,,2,6,,,,,1,14.3,,,,,,,"2,4,9",3,4,3,1,1,2,3,7,2,2,1,1,4
2021-07-19 21:44:14,2021-07-19 21:49:23,0,190.113.214.129,100,309,1,2021-07-19 21:49:24,R_sZKbz5YM303Hd2F,,,,,-16.401397705078125,-71.5343017578125,anonymous,ES,1,5,2,26,1,,,1,,,,,,,,,,,,,,,,,,,2,"1,4",2,,"2,4",,,,,,,,,,"1,8,9",1,4,4,1,1,1,3,7,3,2,1,2,5
2021-07-19 20:49:33,2021-07-19 21:56:42,0,190.237.242.31,100,4029,1,2021-07-19 21:56:43,R_237hJpKKSc2pkJg,,,,,-16.401397705078125,-71.5343017578125,anonymous,ES,1,2,2,26,1,,,22,,,,,,,,,,,,,,,,,,,2,6,,,,,,,,,1,60.7,,,"4,7,9",1,5,3,1,1,1,3,7,6,2,5,2,6
2021-07-19 21:54:54,2021-07-19 22:05:20,0,179.6.164.31,100,626,1,2021-07-19 22:05:21,R_3gMaE1pMjWEf1oh,,,,,-12.0464019775390625,-77.0428009033203125,anonymous,ES,1,8,4,26,1,,,4,,,,,,,,,,,,,,,,,,,2,6,,,,,1,30.4,,,,,,,"4,5",1,5,2,1,1,1,3,7,5,1,3,1,3
2021-07-20 00:22:50,2021-07-20 00:28:35,0,201.240.180.134,100,344,1,2021-07-20 00:28:35,R_1rNBLmh7dPuKjSj,,,,,-16.401397705078125,-71.5343017578125,anonymous,ES,1,2,4,26,1,,,1,,,,,,,,,,,,,,,,,,,2,1,,,,,1,86.3,,,,,,,"2,9,10",2,4,3,1,3,1,4,3,8,2,3,2,5
2021-07-10 12:34:42,2021-07-13 03:37:22,0,88.75.203.96,1,226960,0,2021-07-20 03:37:23,R_1f3Z9FQe1w2Yp3W,,,,,,,anonymous,ES,1,,,,,,,,,,,,,,,,,,,,,,,,,,,,,,,,,,,,,,,,,,,,,,,,,,,,,
2021-07-20 05:48:00,2021-07-20 05:52:36,0,76.118.196.149,100,275,1,2021-07-20 05:52:36,R_2sdRI6rkqikkapB,,,,,42.3473968505859375,-71.158203125,anonymous,ES,1,1,4,26,1,,,9,,,,,,,,,,,,,,,,,,,1,,1,51.5,,,,,,,,,,,"4,5,7",1,2,2,1,3,1,6,7,10,2,4,2,6
2021-07-20 06:23:36,2021-07-20 06:30:29,0,190.113.214.119,100,413,1,2021-07-20 06:30:29,R_247B8u8H2my1x2t,,,,,-16.401397705078125,-71.5343017578125,anonymous,ES,1,1,4,26,1,,,22,,,,,,,,,,,,,,,,,,,2,6,,,,,,,,,1,30.4,,,"4,7",1,4,2,1,2,1,5,4,10,2,5,2,5
2021-07-20 09:56:43,2021-07-20 10:02:34,0,190.239.95.218,100,351,1,2021-07-20 10:02:35,R_3FRkUR7UNXqHINi,,,,,-16.401397705078125,-71.5343017578125,anonymous,ES,1,3,3,26,1,,,22,,,,,,,,,,,,,,,,,,,2,6,,,,,,,,,1,,,,"2,4,9",1,5,3,1,2,2,4,7,5,2,6,2,4
2021-07-21 06:22:51,2021-07-21 06:30:17,0,132.184.130.33,100,445,1,2021-07-21 06:30:17,R_r71w4iacQIMfEIx,,,,,-12.0438995361328125,-77.02809906005859375,anonymous,ES,1,1,3,26,1,,,28,,,,,,,,,,,,,,,,,,,2,2,2,,"2,3",,,,,,,,,,"1,4,7",1,5,2,1,1,1,3,4,2,2,5,2,2
2021-07-21 06:47:39,2021-07-21 06:53:33,0,132.184.130.33,100,354,1,2021-07-21 06:53:33,R_2QQIY1fCkwARVx3,,,,,-12.0438995361328125,-77.02809906005859375,anonymous,ES,1,1,3,26,1,,,28,,,,,,,,,,,,,,,,,,,2,2,,,,,2,,"2,3",,,,,,"1,2,4,5",1,5,3,1,1,1,3,2,2,2,5,2,2
2021-07-21 07:31:55,2021-07-21 07:37:04,0,179.6.164.180,100,309,1,2021-07-21 07:37:05,R_1DMy7xLa9Hj8SSs,,,,,-12.0464019775390625,-77.0428009033203125,anonymous,ES,1,1,3,26,1,,,29,,,,,,,,,,,,,,,,,,,2,6,2,,1,,,,,,,,,,"1,4,5",1,5,2,1,1,2,7,2,2,2,2,2,7
2021-07-21 08:38:05,2021-07-21 08:45:26,0,190.236.179.45,100,440,1,2021-07-21 08:45:26,R_2sZsyd1jeJHiSE2,,,,,-16.401397705078125,-71.5343017578125,anonymous,ES,1,1,4,26,1,,,29,,,,,,,,,,,,,,,,,,,2,"1,3",,,,,,,,,1,100.2,,,"4,9",1,5,2,1,1,1,3,7,6,1,2,2,4
2021-07-21 08:43:44,2021-07-21 08:57:58,0,179.6.164.104,100,854,1,2021-07-21 08:57:59,R_8AqqDpRfvvq0Tvj,,,,,-12.0464019775390625,-77.0428009033203125,anonymous,ES,1,1,3,26,1,,,12,,,,,,,,,,,,,,,,,,,2,"1,3",,,,,1,40.3,,,,,,,"4,5,7",1,5,3,1,1,1,3,7,5,2,4,2,4
2021-07-21 09:41:36,2021-07-21 09:46:35,0,179.6.165.201,100,299,1,2021-07-21 09:46:36,R_3F3SAhLCINDCuER,,,,,-12.0464019775390625,-77.0428009033203125,anonymous,ES,1,8,4,26,1,,,29,,,,,,,,,,,,,,,,,,,2,"3,6",,,,,,,,,1,20.1,,,"2,4,7",3,4,2,1,1,1,3,7,4,1,5,1,4
2021-07-21 09:45:06,2021-07-21 09:49:39,0,190.113.214.32,100,273,1,2021-07-21 09:49:39,R_2OHAXRX1hcrcfbV,,,,,-16.401397705078125,-71.5343017578125,anonymous,ES,1,2,2,26,1,,,24,,,,,,,,,,,,,,,,,,,2,6,2,,"3,4",,,,,,,,,,"1,4,6",1,5,3,1,1,2,3,1,5,2,5,2,5
2021-07-21 09:48:32,2021-07-21 09:55:11,0,179.6.165.38,100,398,1,2021-07-21 09:55:11,R_1obBQPD6L3Bg1uu,,,,,-12.0464019775390625,-77.0428009033203125,anonymous,ES,1,4,4,26,1,,,9,,,,,,,,,,,,,,,,,,,2,"1,6",,,,,2,,"2,3",,,,,,"1,4,5",2,4,3,1,2,1,4,5,8,2,3,2,4
2021-07-21 09:53:45,2021-07-21 09:57:00,0,190.234.96.135,100,195,1,2021-07-21 09:57:00,R_9M5qTnwuW7AXlkZ,,,,,-16.401397705078125,-71.5343017578125,anonymous,ES,1,1,2,26,1,,,9,,,,,,,,,,,,,,,,,,,2,,,,,,1,8.4,,,,,,,"2,5,9",1,3,2,1,1,1,3,1,2,2,4,2,5
2021-07-21 10:46:18,2021-07-21 10:51:25,0,132.184.129.16,100,307,1,2021-07-21 10:51:26,R_3jZ2X6LjSzmsGL9,,,,,-12.0438995361328125,-77.02809906005859375,anonymous,ES,1,7,4,26,1,,,12,,,,,,,,,,,,,,,,,,,1,,2,,6,,,,,,,,,,"1,4,7",1,5,4,1,2,2,4,1,6,2,6,2,4
2021-07-21 10:21:06,2021-07-21 11:16:40,0,190.235.116.154,100,3334,1,2021-07-21 11:16:42,R_5svJMdIqNIHuqPL,,,,,-16.401397705078125,-71.5343017578125,anonymous,ES,1,3,4,26,1,,,4,,,,,,,,,,,,,,,,,,,1,,,,,,,,,,2,,6,"No tengo una propiedad a mi nombre y la mayoría de desastres con mayor riesgo se enceuntran en la zona de la costa en al cual no vivo ",4,1,5,3,1,3,1,4,2,8,2,2,1,6
2021-07-21 08:43:24,2021-07-21 11:52:07,0,181.64.241.228,100,11323,1,2021-07-21 11:52:09,R_2PBeBwKyARcqZ7b,,,,,-16.401397705078125,-71.5343017578125,anonymous,ES,1,1,3,26,1,,,7,,,,,,,,,,,,,,,,,,,2,"1,2,3",,,,,,,,,2,,3,,"4,9",1,3,3,1,2,2,4,1,3,2,4,1,3
2021-07-21 13:26:07,2021-07-21 13:32:36,0,190.113.214.47,100,389,1,2021-07-21 13:32:37,R_3dVM80FtAR7F8Kg,,,,,-16.401397705078125,-71.5343017578125,anonymous,ES,1,2,1,26,1,,,1,,,,,,,,,,,,,,,,,,,2,1,,,,,2,,4,,,,,,4,2,4,3,1,2,2,4,1,3,1,5,2,3
2021-07-21 13:36:36,2021-07-21 13:51:20,0,190.113.214.34,100,883,1,2021-07-21 13:51:20,R_3oLXsdoCoF8BKAf,,,,,-16.401397705078125,-71.5343017578125,anonymous,ES,1,3,4,26,1,,,1,,,,,,,,,,,,,,,,,,,1,,1,20.1,,,,,,,,,,,2,1,4,4,1,1,2,3,7,2,2,5,2,5
2021-07-21 14:46:49,2021-07-21 14:50:50,0,201.230.200.131,100,240,1,2021-07-21 14:50:50,R_qC94cWH24jfI9tn,,,,,-16.401397705078125,-71.5343017578125,anonymous,ES,1,3,4,26,1,,,4,,,,,,,,,,,,,,,,,,,2,3,,,,,2,,5,,,,,,"1,2,4",1,4,2,1,2,1,4,6,5,2,7,2,4
2021-07-21 15:40:17,2021-07-21 15:59:01,0,179.6.164.183,100,1123,1,2021-07-21 15:59:01,R_2qwSXrJCwV3SCC7,,,,,-12.0464019775390625,-77.0428009033203125,anonymous,ES,1,2,3,26,1,,,22,,,,,,,,,,,,,,,,,,,2,"1,3",,,,,,,,,2,,2,,"1,4,6",1,5,3,1,1,2,3,7,4,2,5,2,5
2021-07-21 17:40:54,2021-07-21 17:47:28,0,179.43.93.54,100,394,1,2021-07-21 17:47:30,R_2PA9SBjMB80fyP5,,,,,-16.401397705078125,-71.5343017578125,anonymous,ES,1,1,2,26,1,,,4,,,,,,,,,,,,,,,,,,,2,3,2,,"1,4",,,,,,,,,,"1,7,9",1,5,3,1,1,2,3,7,2,2,3,2,5
2021-07-15 05:42:57,2021-07-15 05:44:50,0,158.143.119.105,93,112,0,2021-07-22 05:44:52,R_21vtJ7J1F0nzlWK,,,,,,,anonymous,ES,1,2,1,26,,,,,,,,,,,,,,,,,,,,,,,1,,,,,,,,,,1,12.5,,,"1,2,3",1,4,4,1,1,2,4,1,2,,,,
2021-07-22 07:44:37,2021-07-22 07:50:09,0,190.113.214.86,100,331,1,2021-07-22 07:50:09,R_z5UvKVk1onOmDMB,,,,,-16.401397705078125,-71.5343017578125,anonymous,ES,1,2,2,26,1,,,22,,,,,,,,,,,,,,,,,,,2,"1,2",,,,,2,,"2,4",,,,,,"4,8,9",3,5,3,1,2,1,4,6,3,1,2,1,2
2021-07-15 15:42:05,2021-07-15 15:42:15,0,190.113.215.165,1,10,0,2021-07-22 15:42:20,R_12bDxhRJaFcouVl,,,,,,,anonymous,ES,1,,,,,,,,,,,,,,,,,,,,,,,,,,,,,,,,,,,,,,,,,,,,,,,,,,,,,
2021-07-22 18:02:43,2021-07-22 18:15:22,0,179.6.165.188,100,759,1,2021-07-22 18:15:22,R_AGoPaxEC90cb6E1,,,,,-12.0464019775390625,-77.0428009033203125,anonymous,ES,1,2,3,26,1,,,12,,,,,,,,,,,,,,,,,,,2,6,,,,,,,,,1,,,,"1,2,4",1,2,3,1,2,2,4,6,2,2,6,2,4
2021-07-23 18:47:03,2021-07-23 18:57:46,0,181.176.126.238,100,643,1,2021-07-23 18:57:47,R_3n6KUbRHa76avA0,,,,,-12.0438995361328125,-77.02809906005859375,anonymous,ES,1,5,2,26,1,,,23,,,,,,,,,,,,,,,,,,,2,"3,6",1,13.1,,,,,,,,,,,"1,5,7,8",2,3,3,1,1,1,4,1,1,2,1,2,1
2021-07-25 11:55:56,2021-07-25 12:05:45,0,190.239.64.187,100,588,1,2021-07-25 12:05:45,R_2TBmkQUMNakiiGn,,,,,-12.0464019775390625,-77.0428009033203125,anonymous,ES,1,1,3,28,,,1,,,,,,,,,,40,,,,,,,,,,2,"1,2",2,,"1,2",,,,,,,,,,8,1,5,2,1,4,1,4,1,3,2,5,2,7
2021-07-25 20:26:47,2021-07-25 20:33:46,0,132.157.129.194,100,418,1,2021-07-25 20:33:46,R_2fHgI7raGRH49w0,,,,,-12.0438995361328125,-77.02809906005859375,anonymous,ES,1,8,4,26,1,,,4,,,,,,,,,,,,,,,,,,,2,"2,3,5",,,,,,,,,2,,3,,"1,2",1,5,4,1,1,1,3,7,4,2,5,2,3
2021-07-18 23:16:16,2021-07-18 23:16:33,0,181.176.102.212,1,16,0,2021-07-25 23:16:38,R_W3d4lXlPvJGERnb,,,,,,,anonymous,ES,1,,,,,,,,,,,,,,,,,,,,,,,,,,,,,,,,,,,,,,,,,,,,,,,,,,,,,
2021-07-19 07:18:04,2021-07-19 07:50:24,0,200.121.220.141,1,1940,0,2021-07-26 07:50:29,R_29cONEKFnxWWOi6,,,,,,,anonymous,ES,1,,,,,,,,,,,,,,,,,,,,,,,,,,,,,,,,,,,,,,,,,,,,,,,,,,,,,
2021-07-19 08:17:38,2021-07-19 15:57:45,0,190.42.17.115,9,27607,0,2021-07-26 15:57:50,R_3Dj3AnlmUnU1sXY,,,,,,,anonymous,ES,1,3,4,26,,,,,,,,,,,,,,,,,,,,,,,,,,,,,,,,,,,,,,,,,,,,,,,,,,
2021-07-19 16:23:04,2021-07-19 16:23:12,0,201.240.14.129,1,7,0,2021-07-26 16:23:15,R_r7P1enjgiFOl4PL,,,,,,,anonymous,ES,1,,,,,,,,,,,,,,,,,,,,,,,,,,,,,,,,,,,,,,,,,,,,,,,,,,,,,
2021-07-19 20:08:11,2021-07-19 20:09:51,0,200.121.220.175,85,100,0,2021-07-26 20:09:57,R_2uBrpSedV3vXvb0,,,,,,,anonymous,ES,1,5,3,26,1,,,1,,,,,,,,,,,,,,,,,,,1,,1,27.1,,,,,,,,,,,"4,9,10",4,1,1,2,,,,,,,,,
2021-07-27 12:37:06,2021-07-27 12:42:29,0,190.235.116.136,100,322,1,2021-07-27 12:42:29,R_3qrqlUdI3roVOWu,,,,,-16.401397705078125,-71.5343017578125,anonymous,ES,1,1,4,26,1,,,,,,,,,,,,,,,,,,,,,,2,2,,,,,2,,2,,,,,,"1,2,4",2,4,3,1,3,1,4,1,10,2,5,2,3
2021-07-27 12:54:07,2021-07-27 13:02:31,0,92.236.2.112,100,503,1,2021-07-27 13:02:31,R_3ESWXXoe1eadGRT,,,,,51.5359954833984375,-0.092498779296875,anonymous,ES,1,4,2,26,1,,,10,,,,,,,,,,,,,,,,,,,2,"2,3",,,,,,,,,2,,2,,"1,5,8",1,2,3,1,2,2,4,3,4,2,3,1,7
2021-07-27 13:17:07,2021-07-27 13:24:56,0,179.6.164.146,100,468,1,2021-07-27 13:24:56,R_2Y9BpqeoykBB9I5,,,,,-16.401397705078125,-71.5343017578125,anonymous,ES,1,1,3,26,1,,,12,,,,,,,,,,,,,,,,,,,2,"1,6",,,,,1,100.4,,,,,,,"2,4,9",1,3,3,1,2,2,5,1,6,2,5,2,5
2021-07-20 14:05:46,2021-07-20 14:08:02,0,190.113.214.52,42,135,0,2021-07-27 14:08:03,R_1LM9YMYSsVeEcDp,,,,,,,anonymous,ES,1,2,4,26,1,,,1,,,,,,,,,,,,,,,,,,,,,,,,,,,,,,,,,,,,,,,,,,,,,,
2021-07-27 16:15:28,2021-07-27 16:57:54,0,179.6.164.230,100,2546,1,2021-07-27 16:57:56,R_2QlXcQhdpHBFAnc,,,,,-16.401397705078125,-71.5343017578125,anonymous,ES,1,1,3,26,1,,,12,,,,,,,,,,,,,,,,,,,2,"1,6",1,50.9,,,,,,,,,,,"1,4,9",1,4,3,1,3,1,4,1,4,2,6,2,7
2021-07-27 19:09:47,2021-07-27 19:20:06,0,179.6.164.39,100,618,1,2021-07-27 19:20:08,R_25uLwmUWT2MtjUX,,,,,-16.401397705078125,-71.5343017578125,anonymous,ES,1,3,2,26,1,,,2,,,,,,,,,,,,,,,,,,,1,,1,60.1,,,,,,,,,,,"4,7,8",4,5,3,1,1,1,3,7,6,2,5,2,6
2021-07-28 06:14:08,2021-07-28 06:28:17,0,179.6.90.9,100,848,1,2021-07-28 06:28:18,R_smXcA3UuwnAfq4F,,,,,-12.0464019775390625,-77.0428009033203125,anonymous,ES,1,1,3,28,,,1,,,,,,,,,,30,,,,,,,,,,2,"1,6",,,,,,,,,1,37.5,,,"4,6",1,5,3,1,3,1,4,2,9,1,4,1,2
2021-07-28 10:19:32,2021-07-28 10:25:36,0,190.237.231.89,100,363,1,2021-07-28 10:25:37,R_27xPi08f8nRrM2p,,,,,-12.0464019775390625,-77.0428009033203125,anonymous,ES,1,3,2,28,,,1,,,,,,,,,,10,,,,,,,,,,1,,,,,,1,30.2,,,,,,,4,3,4,4,1,1,1,4,7,1,2,2,1,6
2021-07-28 12:05:27,2021-07-28 12:08:59,0,181.67.2.33,100,212,1,2021-07-28 12:09:00,R_1DpBJWJGCvmNK2Z,,,,,-16.401397705078125,-71.5343017578125,anonymous,ES,1,1,4,26,1,,,2,,,,,,,,,,,,,,,,,,,2,1,1,30,,,,,,,,,,,"1,2,4,5,7,8,9",3,4,3,1,2,1,4,7,2,2,2,2,3
2021-07-21 14:57:08,2021-07-21 14:57:24,0,190.236.11.230,1,15,0,2021-07-28 14:57:25,R_2Y9tMe8RvLq5REW,,,,,,,anonymous,ES,1,,,,,,,,,,,,,,,,,,,,,,,,,,,,,,,,,,,,,,,,,,,,,,,,,,,,,
2021-07-29 08:20:02,2021-07-29 08:27:11,0,190.236.76.248,100,428,1,2021-07-29 08:27:12,R_2QrjmG4msoIlelf,,,,,-16.401397705078125,-71.5343017578125,anonymous,ES,1,1,4,26,1,,,9,,,,,,,,,,,,,,,,,,,2,"1,2",,,,,2,,"2,4",,,,,,"4,5,7",1,5,2,1,3,1,4,1,5,1,4,2,4
2021-07-29 08:20:01,2021-07-29 08:32:50,0,190.236.76.248,100,769,1,2021-07-29 08:32:50,R_1C2fJBerRy6ZnRW,,,,,-16.401397705078125,-71.5343017578125,anonymous,ES,1,1,2,26,1,,,9,,,,,,,,,,,,,,,,,,,2,"1,2",,,,,,,,,2,,2,,"1,5,8",1,4,3,1,3,2,4,6,1,1,4,2,5
2021-07-29 12:12:09,2021-07-29 12:28:12,0,179.7.225.77,100,962,1,2021-07-29 12:28:12,R_3NDsZD3K12wq003,,,,,-16.401397705078125,-71.5343017578125,anonymous,ES,1,1,4,26,5,,,,,,,20,,,,,,,,,,,,,,,2,"1,3",,,,,1,60.7,,,,,,,8,3,4,3,1,1,2,4,2,4,2,5,2,5
2021-07-29 12:29:02,2021-07-29 12:30:16,0,179.7.225.77,100,74,1,2021-07-29 12:30:17,R_2y8YILUEf8itijD,,,,,-16.401397705078125,-71.5343017578125,anonymous,ES,1,3,2,26,1,,,1,,,,,,,,,,,,,,,,,,,1,,,,,,,,,,1,83.4,,,4,1,3,3,1,1,2,4,2,6,2,5,2,6
2021-07-29 12:30:50,2021-07-29 12:32:06,0,179.7.225.77,100,76,1,2021-07-29 12:32:07,R_1do6iwhI9q8WPlB,,,,,-16.401397705078125,-71.5343017578125,anonymous,ES,1,,4,26,,,,,,,,,,,,,,,,,,,,,,,,,1,,,,,,,,,,,,,,,,,,,,,,,,,
2021-07-31 06:05:05,2021-07-31 06:08:46,0,190.108.93.130,100,221,1,2021-07-31 06:08:48,R_3iWIGCWwTbEJioL,,,,,-12.0464019775390625,-77.0428009033203125,anonymous,ES,1,3,2,28,,,1,,,,,,,,,,1,,,,,,,,,,1,,,,,,1,51,,,,,,,"4,6",1,3,3,1,3,2,7,1,3,2,6,2,5
2021-07-31 08:15:35,2021-07-31 08:23:41,0,179.6.212.135,100,485,1,2021-07-31 08:23:41,R_1BOWPzAfTDckWSG,,,,,-12.0464019775390625,-77.0428009033203125,anonymous,ES,1,8,4,26,1,,,11,,,,,,,,,,,,,,,,,,,2,1,,,,,,,,,1,12.3,,,1,2,3,3,1,2,1,3,1,2,2,2,1,3
2021-07-31 08:25:38,2021-07-31 08:28:20,0,179.6.212.135,100,162,1,2021-07-31 08:28:21,R_6Kz43sQZCKOS4nv,,,,,-12.0464019775390625,-77.0428009033203125,anonymous,ES,1,1,4,26,,,,,,,,,,,,,,,,,,,,,,,2,1,1,12.1,,,,,,,,,,,1,2,3,3,1,2,1,3,1,2,2,2,1,3
2021-07-31 08:40:17,2021-07-31 08:51:07,0,190.236.76.183,100,649,1,2021-07-31 08:51:08,R_TaVeTgAf54qfM9r,,,,,-16.401397705078125,-71.5343017578125,anonymous,ES,1,1,3,26,1,,,4,,,,,,,,,,,,,,,,,,,2,"2,3",,,,,1,51,,,,,,,"2,5,10",4,4,3,1,2,1,5,5,6,2,6,2,4
2021-07-31 08:59:50,2021-07-31 09:03:12,0,190.236.76.183,100,201,1,2021-07-31 09:03:12,R_3NDlIvaweJvbSXt,,,,,-16.401397705078125,-71.5343017578125,anonymous,ES,1,2,2,26,1,,,3,,,,,,,,,,,,,,,,,,,2,"1,2",,,,,,,,,2,,2,,"1,5,10",5,3,3,1,2,1,4,1,5,2,5,2,3
2021-07-31 10:14:48,2021-07-31 10:19:03,0,179.6.222.83,100,255,1,2021-07-31 10:19:04,R_2X5qLMoGJbcRRNl,,,,,-12.0464019775390625,-77.0428009033203125,anonymous,ES,1,3,3,28,,,1,,,,,,,,,,35,,,,,,,,,,2,"1,3",2,,"3,4",,,,,,,,,,"3,4,5",1,4,3,1,2,2,7,6,1,2,3,2,4
2021-08-01 01:36:11,2021-08-01 01:41:44,0,176.199.210.173,100,332,1,2021-08-01 01:41:45,R_10HIUixiS50oTtk,,,,,49.4127044677734375,8.660003662109375,anonymous,ES,1,3,4,28,,,1,,,,,,,,,,1,,,,,,,,,,2,6,,,,,,,,,1,29.4,,,8,1,5,3,1,1,1,4,7,1,2,5,2,4
2021-08-01 11:49:31,2021-08-01 12:10:28,0,213.55.220.50,100,1257,1,2021-08-01 12:10:30,R_2BzVETe4tUheyvY,,,,,46.5294036865234375,6.6123046875,anonymous,ES,1,1,4,26,1,,,12,,,,,,,,,,,,,,,,,,,2,"1,3",,,,,1,60,,,,,,,"2,4,5",1,4,3,1,3,2,4,1,3,2,4,2,5
2021-08-02 08:08:35,2021-08-02 09:26:56,0,181.176.97.4,100,4700,1,2021-08-02 09:26:56,R_2VOnNLSvaLv2vqc,,,,,-12.0464019775390625,-77.0428009033203125,anonymous,ES,1,2,3,26,1,,,12,,,,,,,,,,,,,,,,,,,2,"1,2",1,15.3,,,,,,,,,,,"1,8",1,4,3,1,1,1,3,7,1,2,2,1,1
